/*
Navicat MySQL Data Transfer

Source Server         : MySql
Source Server Version : 50616
Source Host           : 127.0.0.1:3306
Source Database       : quiz

Target Server Type    : MYSQL
Target Server Version : 50616
File Encoding         : 65001

Date: 2018-11-06 17:26:24
*/

SET FOREIGN_KEY_CHECKS=0;

-- ----------------------------
-- Table structure for blog
-- ----------------------------
DROP TABLE IF EXISTS `blog`;
CREATE TABLE `blog` (
  `id_blog` int(5) NOT NULL AUTO_INCREMENT,
  `id_kategori` int(5) DEFAULT NULL,
  `id_kelas` int(5) DEFAULT NULL,
  `id_mapel` int(11) DEFAULT NULL,
  `tanggal` date DEFAULT NULL,
  `judul` varchar(200) DEFAULT NULL,
  `gambar` varchar(200) DEFAULT NULL,
  `headline` mediumtext,
  `isi` mediumtext,
  `link_youtube` mediumtext,
  `id_aktor` int(5) DEFAULT NULL,
  `waktu` time DEFAULT NULL,
  `status` varchar(10) DEFAULT NULL,
  `url` varchar(200) DEFAULT NULL,
  PRIMARY KEY (`id_blog`)
) ENGINE=MyISAM AUTO_INCREMENT=47 DEFAULT CHARSET=latin1;

-- ----------------------------
-- Records of blog
-- ----------------------------
INSERT INTO `blog` VALUES ('39', '1', '1', '2', '2018-10-15', 'Penjumlahan dan Pengurangan Bilangan Bulat', null, 'Penjumlahan dan Pengurangan Bilangan Bulat', '<p style=\"font-family: &quot;Source Sans Pro&quot;, sans-serif; font-size: 18px; color: rgb(0, 0, 0); text-align: justify;\">Squad, suatu hari, kamu membeli buku tulis ke toko buku sejauh 2 km dari rumah. Setelah itu, kamu pergi ke sekolah yang jaraknya 5 km dari toko buku melewati rumahmu. Ternyata, jarak yang kamu tempuh dari rumah ke sekolah berbeda&nbsp;<i>lho</i>&nbsp;dengan jarak rumah dan sekolah yang sebenarnya.&nbsp;<i>Nah,&nbsp;</i>kita akan mempelajari dengan bantuan rumus penjumlahan dan pengurangan bilangan bulat. Mau tahu bagaimana cara menghitungnya?&nbsp;<i>Yuk</i>, kita sama-sama simak artikel berikut!</p><p style=\"font-family: &quot;Source Sans Pro&quot;, sans-serif; font-size: 18px; color: rgb(0, 0, 0);\"><img src=\"https://blog.ruangguru.com/hs-fs/hubfs/bnmlp.png?t=1539599871054&amp;width=800&amp;name=bnmlp.png\" alt=\"penjumlahan dan pengurangan bilangan bulat\" title=\"penjumlahan dan pengurangan bilangan bulat\" caption=\"false\" data-constrained=\"true\" width=\"800\" srcset=\"https://blog.ruangguru.com/hs-fs/hubfs/bnmlp.png?t=1539599871054&amp;width=400&amp;name=bnmlp.png 400w, https://blog.ruangguru.com/hs-fs/hubfs/bnmlp.png?t=1539599871054&amp;width=800&amp;name=bnmlp.png 800w, https://blog.ruangguru.com/hs-fs/hubfs/bnmlp.png?t=1539599871054&amp;width=1200&amp;name=bnmlp.png 1200w, https://blog.ruangguru.com/hs-fs/hubfs/bnmlp.png?t=1539599871054&amp;width=1600&amp;name=bnmlp.png 1600w, https://blog.ruangguru.com/hs-fs/hubfs/bnmlp.png?t=1539599871054&amp;width=2000&amp;name=bnmlp.png 2000w, https://blog.ruangguru.com/hs-fs/hubfs/bnmlp.png?t=1539599871054&amp;width=2400&amp;name=bnmlp.png 2400w\" sizes=\"(max-width: 800px) 100vw, 800px\" style=\"max-width: 100%; height: auto; vertical-align: bottom; width: 800px; display: block; margin-left: auto; margin-right: auto;\"></p><p style=\"font-family: &quot;Source Sans Pro&quot;, sans-serif; font-size: 18px; color: rgb(0, 0, 0); text-align: center;\">Ilustrasi dengan Garis Bilangan (Sumber: clipartpanda.com)</p><p style=\"font-family: &quot;Source Sans Pro&quot;, sans-serif; font-size: 18px; color: rgb(0, 0, 0); text-align: justify;\">Dengan menggambarkannya pada garis bilangan, kamu dapat melihat jarak sebenarnya yaitu&nbsp;5+(-2)=5-2=3km. Sedangkan jarak yang kamu tempuh adalah&nbsp;2+5=7&nbsp;km. Permasalahan seperti inilah yang dapat diselesaikan dengan operasi penjumlahan dan pengurangan pada bilangan bulat. Lalu, apa saja&nbsp;<i>sih</i>&nbsp;sifat-sifatnya?&nbsp;<em>Yuk</em>&nbsp;simak penjelasan di bawah,&nbsp;Squad!</p><p style=\"font-family: &quot;Source Sans Pro&quot;, sans-serif; font-size: 18px; color: rgb(0, 0, 0);\"><span style=\"color: rgb(0, 128, 0);\"><strong>Sifat-Sifat Operasi Penjumlahan Bilangan Bulat</strong></span></p><p style=\"font-family: &quot;Source Sans Pro&quot;, sans-serif; font-size: 18px; color: rgb(0, 0, 0);\"><strong><img src=\"https://blog.ruangguru.com/hs-fs/hubfs/1-1113.png?t=1539599871054&amp;width=600&amp;name=1-1113.png\" alt=\"1-1113.png\" title=\"1-1113.png\" caption=\"false\" data-constrained=\"true\" width=\"600\" srcset=\"https://blog.ruangguru.com/hs-fs/hubfs/1-1113.png?t=1539599871054&amp;width=300&amp;name=1-1113.png 300w, https://blog.ruangguru.com/hs-fs/hubfs/1-1113.png?t=1539599871054&amp;width=600&amp;name=1-1113.png 600w, https://blog.ruangguru.com/hs-fs/hubfs/1-1113.png?t=1539599871054&amp;width=900&amp;name=1-1113.png 900w, https://blog.ruangguru.com/hs-fs/hubfs/1-1113.png?t=1539599871054&amp;width=1200&amp;name=1-1113.png 1200w, https://blog.ruangguru.com/hs-fs/hubfs/1-1113.png?t=1539599871054&amp;width=1500&amp;name=1-1113.png 1500w, https://blog.ruangguru.com/hs-fs/hubfs/1-1113.png?t=1539599871054&amp;width=1800&amp;name=1-1113.png 1800w\" sizes=\"(max-width: 600px) 100vw, 600px\" style=\"max-width: 100%; height: auto; vertical-align: bottom; width: 600px;\"></strong></p><p style=\"font-family: &quot;Source Sans Pro&quot;, sans-serif; font-size: 18px; color: rgb(0, 0, 0);\"><span style=\"color: rgb(0, 128, 0);\"><strong>Sifat-Sifat Operasi Pengurangan Bilangan Bulat</strong></span></p><p style=\"font-family: &quot;Source Sans Pro&quot;, sans-serif; font-size: 18px; color: rgb(0, 0, 0);\"><strong><img src=\"https://blog.ruangguru.com/hs-fs/hubfs/22.png?t=1539599871054&amp;width=600&amp;name=22.png\" alt=\"22.png\" title=\"22.png\" caption=\"false\" data-constrained=\"true\" width=\"600\" srcset=\"https://blog.ruangguru.com/hs-fs/hubfs/22.png?t=1539599871054&amp;width=300&amp;name=22.png 300w, https://blog.ruangguru.com/hs-fs/hubfs/22.png?t=1539599871054&amp;width=600&amp;name=22.png 600w, https://blog.ruangguru.com/hs-fs/hubfs/22.png?t=1539599871054&amp;width=900&amp;name=22.png 900w, https://blog.ruangguru.com/hs-fs/hubfs/22.png?t=1539599871054&amp;width=1200&amp;name=22.png 1200w, https://blog.ruangguru.com/hs-fs/hubfs/22.png?t=1539599871054&amp;width=1500&amp;name=22.png 1500w, https://blog.ruangguru.com/hs-fs/hubfs/22.png?t=1539599871054&amp;width=1800&amp;name=22.png 1800w\" sizes=\"(max-width: 600px) 100vw, 600px\" style=\"max-width: 100%; height: auto; vertical-align: bottom; width: 600px;\"></strong></p><p style=\"font-family: &quot;Source Sans Pro&quot;, sans-serif; font-size: 18px; color: rgb(0, 0, 0);\"><strong><img src=\"https://blog.ruangguru.com/hs-fs/hubfs/rumus%20-%20penjumlahan%20bilbul.png?t=1539599871054&amp;width=600&amp;name=rumus%20-%20penjumlahan%20bilbul.png\" alt=\"penjumlahan dan pengurangan bilangan bulat\" title=\"penjumlahan dan pengurangan bilangan bulat\" caption=\"false\" data-constrained=\"true\" width=\"600\" srcset=\"https://blog.ruangguru.com/hs-fs/hubfs/rumus%20-%20penjumlahan%20bilbul.png?t=1539599871054&amp;width=300&amp;name=rumus%20-%20penjumlahan%20bilbul.png 300w, https://blog.ruangguru.com/hs-fs/hubfs/rumus%20-%20penjumlahan%20bilbul.png?t=1539599871054&amp;width=600&amp;name=rumus%20-%20penjumlahan%20bilbul.png 600w, https://blog.ruangguru.com/hs-fs/hubfs/rumus%20-%20penjumlahan%20bilbul.png?t=1539599871054&amp;width=900&amp;name=rumus%20-%20penjumlahan%20bilbul.png 900w, https://blog.ruangguru.com/hs-fs/hubfs/rumus%20-%20penjumlahan%20bilbul.png?t=1539599871054&amp;width=1200&amp;name=rumus%20-%20penjumlahan%20bilbul.png 1200w, https://blog.ruangguru.com/hs-fs/hubfs/rumus%20-%20penjumlahan%20bilbul.png?t=1539599871054&amp;width=1500&amp;name=rumus%20-%20penjumlahan%20bilbul.png 1500w, https://blog.ruangguru.com/hs-fs/hubfs/rumus%20-%20penjumlahan%20bilbul.png?t=1539599871054&amp;width=1800&amp;name=rumus%20-%20penjumlahan%20bilbul.png 1800w\" sizes=\"(max-width: 600px) 100vw, 600px\" style=\"max-width: 100%; height: auto; vertical-align: bottom; width: 600px; display: block; margin-left: auto; margin-right: auto;\"></strong></p>', null, '5', '18:30:30', 'ya', 'penjumlahan-dan-pengurangan-bilangan-bulat.html');
INSERT INTO `blog` VALUES ('38', '3', null, null, '2018-10-15', 'Pendidikan di Indonesia', 'assets/upload/blog/181015110721pend.png', 'Pendidikan merupakan tiang pancang kebudayaan dan pondasi utama untuk membangun peradaban bangsa. ', '<div>Pendidikan merupakan tiang pancang kebudayaan dan pondasi utama untuk membangun peradaban bangsa. Kesadaran akan arti penting pendidikan akan menentukan kualitas kesejahteraan lahir batin dan masa depan warganya. Oleh karena itu substansi pendidikan, materi pengajaran dan metodologi pembelajaran, serta manajemen pendidikan yang akuntabel susah seharusnya menjadi perhatian bagi para penyelenggara Negara. Terbukti bahwa seluruh bangsa yang berhasil mencapai tingkat kemajuan kebudayaan dan teknologi tinggi mesti disangga oleh kualitas pendidikan yang sangat kokoh.</div><div><br></div><div>Namun eksistensi pendidikan yang ada di Indonesia pada saat ini masih menjadi permasalahan karena masih banyak anak bangsa yang belum mendapatkan pendidikan yang sebagaimana mestinya dan ada juga yang sama sekalipun belum pernah mencicipi bangku sekolah sama sekali contoh kecilnya saja anak yang terlantar hal ini sangat memperihatinkan. Sebenarnya mereka juga mempunyai hak yang sama seperti anak-anak yang sudah mendapat pendidikan yang layak seperti contoh anak orang kaya. Arah bangsa nantinya ada pada tangan mereka karena merekalah nantinya yang akan menjadi penerus perjuangan bangsa.</div><div><br></div><div>Pendidikan merupakan hak setiap warga negara, namun masih ada beberapa&nbsp; dari mereka yang belum mendapatkan hak tersebut. Hingga saat ini, peluang terbesar untuk memperoleh akses pendidikan yang baik hanya anak orang kaya dan pintar. Dengan bermodalkan kemampuan ekonomi yang lebih dari cukup, didukung dengan kemampuan berpikir tinggi, menjadi faktor pendukung untuk memperoleh akses pendidikan yang lebih baik. Mereka berpeluang besar memasuki sekolah-sekolah elit, berkualitas, berstandar nasional, bahkan internasional. Hal ini menciptakan lingkungan belajar-mengajar yang kondusif, karena ditunjang dengan kualitas anak didik yang punya daya pikir tinggi.&nbsp; Selain itu, tersedianya sarana prasarana yang lengkap membantu untuk mewujudkan pendidikan yang mapan. Pada saat sekarang pendidikan yang ada di Indonesia berbentuk sistem pasar yaitu bagi mereka yang memiliki uang banyak maka mereka akan mendapatkan pendidikan yang layak.sebenarnya hal tersebut tidak boleh terjadi.</div><div><br></div><div>Ada beberapa hal yang membuat pendidikan di Indonesia semakin melenceng dari cita-cita bangsa. Pertama, kecenderungan pendidikan Indonesia yang semakin elitis dan tak terjangkau rakyat miskin. Dalam hal ini, pemerintah dituding membuat kebijakan yang diskriminatif sehingga menyulitkan rakyat kecil mengakses pendidikan. Kedua, lahirnya sistem pendidikan yang tidak memberdayakan. Dalam konteks ini, kebijakan yang dibentuk semata-mata untuk mendukung status quo dan memapankan kesenjangan sosial (Darmaningtyas, 2005, Pendidikan Rusak-Rusakan). Ketiga, kurangnya orientasi pendidikan terhadap pembangunan moral. Hal ini dapat dibuktikan dengan melihat realitas anak-anak yang bertindak amoral, sehingga sering dikatakan pendidikan minus budi pekerti.</div><div><br></div><div>Telah dipahami oleh para pendidik bahwa misi pendidikan adalah mewariskan ilmu dari generasi ke generasi selanjutnya. Jangan sampai generasi itu terputuskan dengan begitu saja. Ilmu yang dimaksud antara lain: pengetahuan, tradisi, dan nilai-nilai budaya (keberadaban). Secara umum penularan ilmu tersebut telah di emban oleh orang-orang yang terbeban terhadap generasi selanjutnya. Mereka diwakili oleh orang yang punya visi kedepan, yaitu menjadikan generasi yang lebih baik dan beradab. Betapa sangat pentingnya pendidikan ini negara-negara yang majupun tentunya tidak akan terlepas dari peran pendidikan.</div><div><br></div><div>Berbicara tentang pendidikan ini Dalam UUD pasal 31 ayat 1 dan 2 sudah jelas yaitu bahwa setiap warga negara berhak mendapat pendidikan, wajib mengikuti pendidikan dasar dan pemerintah wajib membiayainya, negara juga mempriorotaskan anggaran pendidikan sekurang-kurangnya 20 persen dari APBN dan APBD. Pertanyaanya, sudahkah semua anak bangsa mendapatkan haknya? Melihat fakta saat ini, di Indonesia setiap tahunnya lebih dari 1,5 juta anak sekolah tidak melanjutkan pendidikan ke jenjang yang lebih tinggi.</div><div><br></div><div>Sumber : http://edukasi.kompasiana.com/2014/08/10/artikel-pendidikan-kurikulum-2013-679257.html</div><div>Refrensi : http://m.kompasiana.com/post/read/678295/1/resensi-buku-oase-pendidikan-di-indonesia-kisah-inspiratif-para-pendidik.html</div>', null, '5', '18:05:45', 'ya', 'pendidikan-di-indonesia.html');
INSERT INTO `blog` VALUES ('46', '2', '2', '3', '2018-11-06', 'fd', '', 'f', '', 'f', '20', '17:19:45', 'ya', 'fd.html');

-- ----------------------------
-- Table structure for bukutamu
-- ----------------------------
DROP TABLE IF EXISTS `bukutamu`;
CREATE TABLE `bukutamu` (
  `id_bukutamu` int(5) NOT NULL AUTO_INCREMENT,
  `nama` varchar(50) DEFAULT NULL,
  `email` varchar(50) DEFAULT NULL,
  `tlp` varchar(50) DEFAULT NULL,
  `tanggal` date DEFAULT NULL,
  `pesan` mediumtext,
  PRIMARY KEY (`id_bukutamu`)
) ENGINE=InnoDB AUTO_INCREMENT=2 DEFAULT CHARSET=latin1;

-- ----------------------------
-- Records of bukutamu
-- ----------------------------
INSERT INTO `bukutamu` VALUES ('1', 'Maulana', 'alan4ide@gmail.com', '089637309912', '2018-01-31', 'Pesan saya dari biotrop');

-- ----------------------------
-- Table structure for jenjang
-- ----------------------------
DROP TABLE IF EXISTS `jenjang`;
CREATE TABLE `jenjang` (
  `id_jenjang` int(5) NOT NULL AUTO_INCREMENT,
  `nama_jenjang` varchar(20) DEFAULT NULL,
  PRIMARY KEY (`id_jenjang`)
) ENGINE=InnoDB AUTO_INCREMENT=4 DEFAULT CHARSET=latin1;

-- ----------------------------
-- Records of jenjang
-- ----------------------------
INSERT INTO `jenjang` VALUES ('1', 'SD');
INSERT INTO `jenjang` VALUES ('2', 'SMP');
INSERT INTO `jenjang` VALUES ('3', 'SMA/SMK');

-- ----------------------------
-- Table structure for kategori
-- ----------------------------
DROP TABLE IF EXISTS `kategori`;
CREATE TABLE `kategori` (
  `id_kategori` int(5) NOT NULL AUTO_INCREMENT,
  `nama_kategori` varchar(150) DEFAULT NULL,
  PRIMARY KEY (`id_kategori`)
) ENGINE=MyISAM AUTO_INCREMENT=67 DEFAULT CHARSET=latin1;

-- ----------------------------
-- Records of kategori
-- ----------------------------
INSERT INTO `kategori` VALUES ('1', 'Pembelajaran');
INSERT INTO `kategori` VALUES ('2', 'Model Pembelajaran');
INSERT INTO `kategori` VALUES ('3', 'Berita');

-- ----------------------------
-- Table structure for kelas
-- ----------------------------
DROP TABLE IF EXISTS `kelas`;
CREATE TABLE `kelas` (
  `id_kelas` int(5) NOT NULL AUTO_INCREMENT,
  `id_jenjang` int(5) DEFAULT NULL,
  `nama_kelas` varchar(20) DEFAULT NULL,
  PRIMARY KEY (`id_kelas`)
) ENGINE=InnoDB AUTO_INCREMENT=13 DEFAULT CHARSET=latin1;

-- ----------------------------
-- Records of kelas
-- ----------------------------
INSERT INTO `kelas` VALUES ('1', '1', 'I');
INSERT INTO `kelas` VALUES ('2', '1', 'II');
INSERT INTO `kelas` VALUES ('3', '1', 'III');
INSERT INTO `kelas` VALUES ('4', '1', 'IV');
INSERT INTO `kelas` VALUES ('5', '1', 'V');
INSERT INTO `kelas` VALUES ('6', '1', 'VI');
INSERT INTO `kelas` VALUES ('7', '2', 'VII');
INSERT INTO `kelas` VALUES ('8', '2', 'VIII');
INSERT INTO `kelas` VALUES ('9', '2', 'IX');
INSERT INTO `kelas` VALUES ('10', '3', 'X');
INSERT INTO `kelas` VALUES ('11', '3', 'XI');
INSERT INTO `kelas` VALUES ('12', '3', 'XII');

-- ----------------------------
-- Table structure for mapel
-- ----------------------------
DROP TABLE IF EXISTS `mapel`;
CREATE TABLE `mapel` (
  `id_mapel` int(5) NOT NULL AUTO_INCREMENT,
  `nama_mapel` varchar(25) DEFAULT NULL,
  PRIMARY KEY (`id_mapel`)
) ENGINE=InnoDB AUTO_INCREMENT=5 DEFAULT CHARSET=latin1;

-- ----------------------------
-- Records of mapel
-- ----------------------------
INSERT INTO `mapel` VALUES ('1', 'IPA');
INSERT INTO `mapel` VALUES ('2', 'IPS');
INSERT INTO `mapel` VALUES ('3', 'MATEMATIKA');
INSERT INTO `mapel` VALUES ('4', 'BAHASA INGGRIS');

-- ----------------------------
-- Table structure for menu
-- ----------------------------
DROP TABLE IF EXISTS `menu`;
CREATE TABLE `menu` (
  `id_menu` int(5) NOT NULL AUTO_INCREMENT,
  `nama_menu` varchar(100) DEFAULT NULL,
  `link` varchar(100) DEFAULT NULL,
  `url` varchar(255) DEFAULT NULL,
  `icon` varchar(100) DEFAULT NULL,
  PRIMARY KEY (`id_menu`)
) ENGINE=MyISAM AUTO_INCREMENT=16 DEFAULT CHARSET=latin1;

-- ----------------------------
-- Records of menu
-- ----------------------------
INSERT INTO `menu` VALUES ('4', 'Our Product ', '#', 'service', 'fa fa-cubes');
INSERT INTO `menu` VALUES ('14', 'Portofolio', 'berita/all.html', 'berita', 'fa fa-rss');

-- ----------------------------
-- Table structure for service
-- ----------------------------
DROP TABLE IF EXISTS `service`;
CREATE TABLE `service` (
  `id_service` int(5) NOT NULL AUTO_INCREMENT,
  `id_kategori` int(5) DEFAULT NULL,
  `gambar` varchar(255) DEFAULT NULL,
  `nama` varchar(200) DEFAULT NULL,
  `headline` mediumtext,
  `keterangan` mediumtext,
  PRIMARY KEY (`id_service`)
) ENGINE=MyISAM AUTO_INCREMENT=63 DEFAULT CHARSET=latin1;

-- ----------------------------
-- Records of service
-- ----------------------------
INSERT INTO `service` VALUES ('59', '58', 'assets-admin/upload/service/31012018080831tampilan depan beranda.jpeg', 'Biakan Murni (F0)', 'Terbuat dari media PDA ( potetos Dektrosa Agar ) yang ditanami oleh bibit Jamur dari hasil seleksi yang sangat teliti untuk menghasilkan bibit jamur yang unggul dan berkualitas.', '<span style=\"font-family: Tahoma;\">Terbuat dari media PDA ( potetos Dektrosa Agar ) yang ditanami oleh bibit Jamur dari hasil seleksi yang sangat teliti untuk menghasilkan bibit jamur yang unggul dan berkualitas.</span>');
INSERT INTO `service` VALUES ('60', '58', 'assets-admin/upload/service/31012018080841bibitinduk.png', 'Bibit Induk (F1)', 'Terbuat dari Media  Sorgum / jagung  yang sudah terpilih  dari bahan bahan  yg berkualitas baik guna menumbuhkan miselium jamur  agar bias tumbuh dengan sepurna dan terhindar dari kontaminasi untuk proses  turunan selanjutnya.', '<span style=\"font-family: Tahoma;\">Terbuat dari Media&nbsp; Sorgum / jagung&nbsp; yang sudah terpilih&nbsp; dari bahan bahan&nbsp; yg berkualitas baik guna menumbuhkan miselium jamur&nbsp; agar bias tumbuh dengan sepurna dan terhindar dari kontaminasi untuk proses&nbsp; turunan selanjutnya.</span>');
INSERT INTO `service` VALUES ('61', '58', 'assets-admin/upload/service/31012018080847bibitsemai.png', 'Bibit Semai (F2)', 'Terbuat dari media serbuk dengan perbandingan sesuai standar lab jamur pangan biotrop, Media terkomposisi dengan sengan akurat guna menumbuhkan miselium pada media lanjutan (Baglog) agar terhindar dari terjadinya kegagalan pembenihan jamur  ketika proses inokulasi.', '<span style=\"font-family: Tahoma;\">Terbuat dari media serbuk dengan perbandingan sesuai standar lab jamur pangan biotrop, Media terkomposisi dengan sengan akurat guna menumbuhkan miselium pada media lanjutan (Baglog) agar terhindar dari terjadinya kegagalan pembenihan jamur&nbsp; ketika proses inokulasi.</span>');
INSERT INTO `service` VALUES ('62', '58', 'assets-admin/upload/service/31012018080853baglog.png', 'Baglog Jamur', 'Terbuat dari media serbuk kayu yang sudah mengalamin proses diskomposisi dengan bahan bahan lainnya yang dilakukan secara akurat menurut standar lab jamur pangan biotrop guna memberikan hasil yang maksimal pada saat nanti proses pembuahan di rumah jamur ( Kumbung ) agar terhindar dari kegagalan panen  pada saat produksi nanti.', '<span style=\"font-family: Tahoma;\">Terbuat dari media serbuk kayu yang sudah mengalamin proses diskomposisi dengan bahan bahan lainnya yang dilakukan secara akurat menurut standar lab jamur pangan biotrop guna memberikan hasil yang maksimal pada saat nanti proses pembuahan di rumah jamur ( Kumbung ) agar terhindar dari kegagalan panen&nbsp; pada saat produksi nanti.</span>');

-- ----------------------------
-- Table structure for sosialmedia
-- ----------------------------
DROP TABLE IF EXISTS `sosialmedia`;
CREATE TABLE `sosialmedia` (
  `id` int(11) NOT NULL,
  `sosmed` varchar(255) DEFAULT NULL,
  `icon` varchar(200) DEFAULT NULL,
  `link` varchar(255) DEFAULT NULL
) ENGINE=MyISAM DEFAULT CHARSET=latin1;

-- ----------------------------
-- Records of sosialmedia
-- ----------------------------
INSERT INTO `sosialmedia` VALUES ('1', 'facebook', 'fa fa-facebook', 'https://www.facebook.com/biotrop');
INSERT INTO `sosialmedia` VALUES ('2', 'instagram', 'fa fa-instagram', 'https://www.instagram.com/explore/locations/3199842/seameo-biotrop/');
INSERT INTO `sosialmedia` VALUES ('3', 'google-plus', 'fa fa-google-plus', 'mailto:gau@biotrop.org');
INSERT INTO `sosialmedia` VALUES ('4', 'twitter', 'fa fa-twitter', 'https://twitter.com/seameo_biotrop?lang=en');

-- ----------------------------
-- Table structure for tbl_soal
-- ----------------------------
DROP TABLE IF EXISTS `tbl_soal`;
CREATE TABLE `tbl_soal` (
  `id` int(5) NOT NULL AUTO_INCREMENT,
  `id_kelas` int(5) NOT NULL,
  `soal` text NOT NULL,
  `a` text NOT NULL,
  `b` text NOT NULL,
  `c` text NOT NULL,
  `d` text NOT NULL,
  `jawaban` int(2) NOT NULL,
  `gambar` varchar(50) DEFAULT NULL,
  PRIMARY KEY (`id`)
) ENGINE=MyISAM AUTO_INCREMENT=182 DEFAULT CHARSET=latin1;

-- ----------------------------
-- Records of tbl_soal
-- ----------------------------
INSERT INTO `tbl_soal` VALUES ('21', '1', 'Bagaimana menurut anda tata cara memuat mengangkut beban yang terlihat pada gambar di bawah ini', 'Dibenarkan karena jalanan sepi', 'Tidak dibenarkan sama sekali', 'Dibenarkan asal diikat dengan kuat', 'Dibenarkan asal sangat hati-hati', '2', null);
INSERT INTO `tbl_soal` VALUES ('22', '1', 'Berdasarkan gambar di bawah ini  menurut anda posisi berhenti kendaraan yang paling benar adalah', 'Kendaraan 3', 'Kendaraan 1', 'Kendaraan 2', 'Kendaraan 1 dan 2', '2', null);
INSERT INTO `tbl_soal` VALUES ('23', '1', 'Kaca pengintai atau kaca spion sebagai perlengkapan pada kendaraan bermotor berfungsi untuk', 'Digunakan sebagai kaca hias', 'Memenuhi peraturan semata', 'Sewaktu-waktu melihat keadaan jalan sebelah belakang kanan atau kiri oleh pengemudinya', 'Melengkapi aksesoris kendaraan', '3', null);
INSERT INTO `tbl_soal` VALUES ('24', '1', 'Marka membujur berupa garis putus-putus merupakan pembatas lajur yang berfungsi', 'Mengarahkan lalu lintas dan atau memperingatkan akan ada Marka Membujur yang berupa garis utuh di depan', 'Mengarahkan lalu lintas', 'Pembagi ruas jalan', 'Semuanya salah', '1', null);
INSERT INTO `tbl_soal` VALUES ('25', '1', 'Bagaimana pendapat anda terhadap kendaraan yang parkir di samping hidran pemadam kebakaran di pinggir jalan seperti gambar di bawah ini', 'Tidak Boleh, kecuali ada tukang parkir yang mengatur', 'Boleh, karena tidak ada rambu larangan parkir', 'Tidak boleh, karena dapat menghalangi mobil pemadam kebakaran sewaktu-waktu dibutuhkan walau tidak ada rambu larangan parkir', 'Boleh, bila tidak menghambat arus lalu lintas', '3', null);
INSERT INTO `tbl_soal` VALUES ('26', '1', 'Bagaimana pendapat anda angkutan umum menaikkan penumpang berdiri dan bergelantungan di pintu yang tidak tertutup pada saat berjalan seperti gambar di bawah ini?', 'Tidak diperbolehkan kecuali pada saat jam sibuk karena banyaknya penumpang yang menunggu', 'Diperbolehkan selama masih ada ruang di dalam kendaraan', 'Diperbolehkan asal hati-hati', 'Tidak diperbolehkan sama sekali', '4', null);
INSERT INTO `tbl_soal` VALUES ('27', '1', 'Mengapa anda diharuskan menyalakan lampu kendaraan walaupun di siang hari?', 'Karena diatur oleh Undang-undang', 'Supaya tetap bisa melihat jalan kalau tiba-tiba cuaca menjadi gelap', 'Agar pengisian aki kendaraan lebih baik', 'Agar kendaraan lebih terlihat oleh pengguna jalan yang lain', '4', null);
INSERT INTO `tbl_soal` VALUES ('28', '1', 'Untuk mendepatkan Surat Izin Mengemudi  calon pengemudi harus ?', 'Memiliki kompetensi mengemudi', 'Memiliki kendaraan bermotor', 'Memiliki kompetensi permesinan', 'Mengetahui jalan di lingkungannya', '1', null);
INSERT INTO `tbl_soal` VALUES ('29', '1', 'Alat pengukur kecepatan di kendaraan  secara umum menunjukkan ?', 'Kecepatan rata-rata kendaraan kita', 'Kecepatan maksimal kendaraan kita', 'Kecepatan aktual kendaraan kita pada saat kita melihat alat tersebut', 'Kecepatan yang diwajibkan sesuai kelas jalan yang dilalui', '3', null);
INSERT INTO `tbl_soal` VALUES ('30', '1', 'Saat berkendara di jalan  untuk melihat kecepatan laju kendaraan  Anda berpedoman pada ', 'Kecepatan kendaraan di depan anda', 'Speedometer yang menunjukkan kecepatan kendaraan', 'Kecepatan kendaraan disebelah anda', 'Perkiraan kecepatan angin yang menerpa kita', '2', null);
INSERT INTO `tbl_soal` VALUES ('31', '1', 'Menurut anda gambar di bawah ini menyatakan', 'Kendaraan di lajur A tidak boleh berpindah ke lajur B', 'Kendaraan di lajur A bila ingin mendahului boleh melewati garis tersebut', 'Kendaraan di lajur A boleh melintasi garis tersebut asal hati-hati', 'Kendaraan di lajur A boleh melintasi garis tersebut karena tidak berbahaya dan tidak ada Polisi yang bertugas', '1', null);
INSERT INTO `tbl_soal` VALUES ('32', '1', 'Penggunaan Hand Phone  HP  tidak diizinkan pada saat mengemudi kendaraan bermotor di jalan  kecuali', 'Menerima panggilan menggunakan alat bantu dengar (handsfree) atau pengeras suara handphone (loudspeaker)', 'Menepikan Kendaraan lalu berhenti', 'Pernyataan Keduanya Benar', 'Boleh menggunakan HP asal hati-hati', '2', null);
INSERT INTO `tbl_soal` VALUES ('33', '1', 'Pada gambar di bawah ini  kendaraan mana yang harus menunggu dan memberi kesempatan menyeberang dahulu kepada pejalan kaki?', 'Kendaraan 3', 'Kendaraan 2', 'Kendaraan 1', 'Kendaraan 1, 2, dan 3', '3', null);
INSERT INTO `tbl_soal` VALUES ('34', '1', 'Jenis SIM apa yang harus dimiliki bila mengemudikan kendaraan penumpang perseorangan dan mobil barang perseorangan', 'SIM C', 'SIM A', 'SIM A Umum', 'Jawaban B dan C benar', '4', null);
INSERT INTO `tbl_soal` VALUES ('35', '1', 'Setiap kendaraan wajib dilengkapi dengan perlengkapan kendaraan bermotor antara lain peralatan pertolongan pertama pada kecelakaan lalu lintas  paling sedikit terdiri atas', 'obat antiseptic dan kain kassa', 'obat antiseptic, kain kassa, plester, dan kapas', 'obat antiseptic, kain kassa, plester, kapas, dan minyak kayu putih', 'obat antiseptic, kain kassa, plester, kapas, minyak kayu putih, dan obat anti mabuk', '1', null);
INSERT INTO `tbl_soal` VALUES ('36', '1', 'Fungsi dari pedal gas adalah', 'Menjalankan kendaraan', 'Menaikkan putaran mesin', 'Menyalakan mesin kendaraan', 'Mendahului kendaraan lain', '2', null);
INSERT INTO `tbl_soal` VALUES ('37', '1', 'Marka membujur berupa garis ganda yang terdiri dari garis utuh dan garis putus-putus menyatakan bahwa', 'Kendaraan yang berada pada sisi garis utuh dilarang melintasi garis ganda tersebut, sedangkan kendaraan yang berada pada sisi garis putus-putus dapat melintasi garis ganda tersebut', 'Kendaraan yang berada pada sisi garis utuh dapat melintasi garis ganda tersebut, sedangkan kendaraan yang berada pada sisi garis putus-putus dilarang melintasi garis ganda tersebut', 'Kendaraan yang berada pada sisi garis utuh dilarang melintasi garis ganda tersebut, sedangkan kendaraan yang berada pada sisi garis putus-putus dilarang melintasi garis ganda tersebut', 'Kendaraan yang berada pada sisi garis utuh dapat melintasi garis ganda tersebut, sedangkan kendaraan yang berada pada sisi garis putus-putus dapat melintasi garis ganda tersebut', '1', null);
INSERT INTO `tbl_soal` VALUES ('38', '1', 'Pada saat berkendara  tindakan apa yang harus saudara lakukan apabila melihat rambu peringatan seperti pada gambar berikut?', 'Menambah kecepatan', 'Memperlambat kendaraan, menjaga jarak yang cukup dengan kendaraan lain, berhati-hati dan waspada', 'Menyalakan lampu hazard', 'Tetap melaju biasa', '2', null);
INSERT INTO `tbl_soal` VALUES ('39', '1', 'Berikut ini yang merupakan fungsi lampu utama dekat untuk mobil adalah ?', 'Menjadi tanda bagi pengguna lain bahwa kita sedang berkendara', 'Memberi isyarat perubahan arah', 'Menerangi area di depan kendaraan kita dalam jarak dekat', 'Memberi tanda pada saat melakukan pengereman', '3', null);
INSERT INTO `tbl_soal` VALUES ('40', '1', 'Menurut sifatnya  rambu lalu lintas terdiri dari', 'Peringatan, Larangan, Perintah, Petunjuk', 'Larangan, Perintah, Petunjuk', 'Peringatan, Larangan, Perintah', 'Peringatan, Larangan, Petunjuk', '1', null);
INSERT INTO `tbl_soal` VALUES ('41', '1', 'Klakson pada kendaraan motor berfungsi sebagai', 'Peralatan pendukung yang dapat mengejutkan seseorang', 'Peralatan pendukung yang dapat memberikan tanda kepada sesama pengguna jalan', 'Peralatan pendukung yang digunakan pada saat konvoi kendaaraan', 'Peralatan pendukung yang digunakan pada saat meminta prioritas jalan', '2', null);
INSERT INTO `tbl_soal` VALUES ('42', '1', 'Apakah arti rambu larangan seperti gambar di bawah ini?', 'Dilarang parkir', 'Dilarang berhenti', 'Dilarang memutar/berbalik arah', 'Dilarang mendahului kendaraan lain', '2', null);
INSERT INTO `tbl_soal` VALUES ('43', '1', 'Marka jalan terdiri dari', 'Marka melintang dan marka serong', 'Marka membujur dan marka melintang', 'Marka membujur, marka melintang, marka serong, marka lambang, dan marka lainnya', 'Marka membujur dan marka lambang', '3', null);
INSERT INTO `tbl_soal` VALUES ('44', '1', 'Persyaratan yang harus dipenuhi untuk mendapatkan SIM secara umum terdiri atas?', 'Usia, pelatihan, kesehatan, dan lulus ujian', 'Usia, administratif, kesehatan, dan lulus ujian', 'Administratif, pelatihan, kesehatan, dan lulus ujian', 'Usia, administratif, pelatihan, kesehatan, dan lulus ujian', '2', null);
INSERT INTO `tbl_soal` VALUES ('45', '1', 'Seseorang yang memiliki SIM A  dapat mengemudikan kendaraan', 'Mobil penumpang dan kendaraan beroda dua', 'Mobil penumpang perorangan dan mobil barang yang beratnya tidak melebihi 3500 Kg', 'Mobil penumpang perorangan dan mobil penumpang umum', 'Mobil penumpang perorangan, mobil barang perorangan dan mobil barang umum', '2', null);
INSERT INTO `tbl_soal` VALUES ('46', '1', 'Bagaimana menurut anda pernyataan bahwa pengemudi kendaraan bermotor wajib menggunakan sabuk keselamatan bagi dirinya dan penumpang pada kendaraannya dengan baik?', 'Benar, karena sabuk keselamatan berfungsi untuk meningkatkan tingkat keselamatan penggunanya bila terjadi benturan atau kecelakaan', 'Salah, karena mengenakan sabuk keselamatan tidak nyaman dan mengganggu pergerakan pengemudi maupun penumpang', 'Salah, karena mengenakan sabuk keselamatan itu hanya aksesoris', 'Benar, namun bagi penumpang tidak wajib karena tidak akan berbenturan dengan kemudi pada saat terjadi benturan/kecelakaan', '1', null);
INSERT INTO `tbl_soal` VALUES ('47', '1', 'Anda melanggar ketentuan undang-undang lalu lintas apabila saat berkendara di jalan tidak memiliki', 'Tidak memiliki BPKB', 'Tidak memiliki SIM', 'Tidak memiliki KTP', 'Tidak memiliki Ijazah', '2', null);
INSERT INTO `tbl_soal` VALUES ('48', '1', 'Untuk kepentingan tertentu  kendaraan bermotor dapat dilengkapi dengan lampu isyarat sirine  Penggunaan lampu isyarat sirine sesuai dengan ketentuan hanya boleh di pasang pada kendaraan bermotor', 'Petugas penegak hukum tertentu, dinas pemadam kebakaran dan Ambulan', 'Iring-iringan konvoi kendaraan pribadi', 'Mobil mewah dan motor besar', 'Mobil dinas pejabat', '1', null);
INSERT INTO `tbl_soal` VALUES ('49', '1', 'Dalam keadaan tertentu petugas polisi negara Republik Indonesia dapat melakukan tindakan', 'Memberhentikan arus lalu lintas dan/atau pemakai jalan tertentu', 'Memerintahkan pemakai jalan untuk jalan terus dan mempercepat arus lalu lintas', 'Memperlambat arus lalu lintas dan atau mengubah arah arus lalu linta', 'Semuanya benar', '1', null);
INSERT INTO `tbl_soal` VALUES ('50', '1', 'Pilih salah satu alasan paling tepat mengapa berkendara dilarang melawan arus', 'Melanggar hukum', 'Memacetkan jalan', 'Menghargai hak dan keselamatan orang lain', 'Bisa ditangkap polisi', '3', null);
INSERT INTO `tbl_soal` VALUES ('51', '1', 'Persiapan apa yang harus anda lakukan sebelum mengendarai kendaraan bermotor di jalan?', 'Mempersiapkan sarana hiburan di kendaraan', 'Melakukan pengecekan kelengkapan (Ban, Rem, Spion, Lampu, Sein, air radiator dll) dan surat-surat (SIM, STNK dll) Kendaraan Bermotor', 'Mempersiapkan makanan/minuman secukupnya', 'Mempersiapkan handset/alat bantu komunikasi/telepon', '2', null);
INSERT INTO `tbl_soal` VALUES ('52', '1', 'Surat Izin Mengemudi digolongkan berdasarkan?', 'Jenis kendaraan bermotor yang boleh dikemudikan pemegangnya', 'Merk kendaraan yang digunakan', 'Tingkat sosial ekonomi pemegangnya', 'b dan c benar', '1', null);
INSERT INTO `tbl_soal` VALUES ('53', '1', 'Faktor yang sering menimbulkan kecelakaan lalu lintas pada saat mendahului kendaraan lain  meski kondisi jalan baik  jarak pandang cukup dan jalur jalan lurus adalah', 'Kendaraan yang akan didahului memberi ruang yang cukup untuk didahului', 'Salah perhitungan jarak dan kecepatan yang diperlukan untuk mendahului secara aman', 'Memberi tanda berulang - ulang lampu sein kanan sebagai tanda permintaan mendahului', 'Pengemudi tidak membawa surat-surat kelengkapan berkendaraan', '2', null);
INSERT INTO `tbl_soal` VALUES ('54', '1', 'Yang bukan merupakan jenis surat ijin mengemudi adalah', 'Surat Izin Mengemudi Kendaraan Bermotor ganda', 'Surat Izin Mengemudi Kendaraan Bermotor perseorangan', 'Surat Izin Mengemudi Kendaraan Bermotor umum', 'Semua jawaban salah', '1', null);
INSERT INTO `tbl_soal` VALUES ('55', '1', 'Di antara persyaratan berikut yang bukan merupakan syarat mendapatkan Surat Izin Mengemudi adalah?', 'Memiliki kompetensi mengemudi', 'Menjalani tes teori mengemudi', 'Memiliki kendaraan bermotor', 'Menjalani tes praktek mengemudi', '3', null);
INSERT INTO `tbl_soal` VALUES ('56', '1', 'Berapa kali batasan maksimal seseorang untuk mengikuti tes mendapatkan SIM  Surat Izin Mengemudi ?', '3 kali', '1 kali', '5 kali', 'Tidak ada batasan yang penting memenuhi persyaratan yang berlaku', '4', null);
INSERT INTO `tbl_soal` VALUES ('57', '1', 'Untuk mendapatkan SIM  seseorang diharuskan memiliki stabilitas emosi  yang dimaksudkan dengan stabilitas emosi adalah', 'Kemampuan mengontrol emosi pada saat menghadapi situasi yang tidak nyaman selama mengemudi', 'Kemampuan mengontrol emosi pada saat menghadapi situasi yang tidak nyaman setelah mengemudi', 'Kemampuan mengontrol emosi pada saat menghadapi situasi yang tidak nyaman sebelum mengemudi', 'Kemampuan mengontrol emosi pada saat menghadapi situasi yang tidak nyaman sebelum, selama dan setelah mengemudi', '4', null);
INSERT INTO `tbl_soal` VALUES ('58', '1', 'Mana menurut anda pernyataan di bawah ini yang paling benar', 'Warga Negara Asing tidak berhak untuk mengurus SIM', 'Warga Negara Indonesia berusia di bawah 17 tahun tetapi sudah memiliki kemahiran mengemudikan kendaraan berhak untuk mengurus SIM', 'Warga Negara Asing dan Warga Negara Indonesia berhak untuk mendapatkan SIM jika memenuhi persyaratan sesuai Undang - Undang', 'Persyaratan utama memiliki SIM harus memiliki kendaraan sesuai golongan SIM yang dimohonkan', '3', null);
INSERT INTO `tbl_soal` VALUES ('59', '1', 'Apa arti gambar rambu lalu lintas di bawah ini?', 'Persimpangan jalan di depan', 'Perlintasan jalan kereta api di depan dengan dua atau lebih jalur rel', 'Perlintasan jalan dengan rel kereta api di atas tanah', 'Perlintasan rel kereta dengan dua lajur jalan', '2', null);
INSERT INTO `tbl_soal` VALUES ('60', '1', 'Yang tidak termasuk Surat Izin Mengemudi untuk kendaraan roda 4 atau lebih adalah', 'SIM C', 'SIM A', 'SIM B1', 'SIM B2', '1', null);
INSERT INTO `tbl_soal` VALUES ('61', '7', 'Pengemudi yang akan melewati kendaraan lain harus', 'Mempunyai pandangan bebas', 'Menjaga ruang yang cukup bagi kendaraan yang dilewatinya', 'Butir a dan b benar semua', 'Butir a dan b salah semua', '3', null);
INSERT INTO `tbl_soal` VALUES ('62', '7', 'Pada rambu-rambu dapat ditambahkan papan tambahan yang memuat keterangan yang diperlukan berupa keterangan', 'Waktu-waktu', 'Jarak-jarak', 'Jenis kendaraan tertentu ataupun perihal lainnya', 'Kesemua butir di atas benar', '4', null);
INSERT INTO `tbl_soal` VALUES ('63', '7', 'Pada saat mengendarai kendaraan di jalan umum  manakah menurut anda pemakai jalan yang perlu mendapatkan perhatian dan kewaspadaan khusus', 'Truck yang membawa muatan', 'Anak-anak yang bermain di jalanan', 'Pengendara sepeda motor', 'Kendaraan yang parkir di bahu jalan', '2', null);
INSERT INTO `tbl_soal` VALUES ('64', '7', 'Marka membujur berupa garis putus-putus merupakan pembatas lajur yang berfungsi', 'Mengarahkan lalu lintas dan atau memperingatkan akan ada Marka Membujur yang berupa garis utuh di depan', 'Mengarahkan lalu lintas', 'Pembagi ruas jalan', 'Semuanya salah', '1', null);
INSERT INTO `tbl_soal` VALUES ('65', '7', 'Isyarat peringatan dengan bunyi yang berupa klakson dapat digunakan apabila', 'Diperlukan untuk keselamatan lalu lintas', 'Melewati kendaraan bermotor lainnya', 'Butir a dan b benar semua', 'Butir a dan b salah semua', '3', null);
INSERT INTO `tbl_soal` VALUES ('66', '7', 'Untuk melihat situasi arus lalu lintas di sebelah kanan kendaraan  sebelum anda berbelok dapat melihat dengan cara', 'Melihat Spion sebelah kiri', 'Melihat Spion sebelah kanan dan bila diperlukan melirik ke kanan untuk memastikan tidak ada kendaraan pada area titik buta (blind spot) pada spion', 'Menengok ke sebelah kanan bila perlu melihat ke belakang untuk memastikan situasi aman', 'Menengok ke sebelah kiri dan kanan untuk melihat situasi aman', '2', null);
INSERT INTO `tbl_soal` VALUES ('67', '7', 'Golongan SIM apakah yang diperlukan jika anda hendak mengendarai motor 250 cc?', 'Golongan SIM C', 'Golongan SIM C I', 'Golongan SIM C II', 'Golongan SIM C I dan C II benar', '4', null);
INSERT INTO `tbl_soal` VALUES ('68', '7', 'Lampu rem pada kendaraan bermotor sesuai ketentuan adalah?', 'Kuning tua dan menyala berkelip - kelip', 'Hijau dan menyala tidak berkelip', 'Merah dan menyala tidak berkelip', 'Merah dan menyala berkelip - kelip', '3', null);
INSERT INTO `tbl_soal` VALUES ('69', '7', 'Apa arti marka jalan garis tengah berwarna putih yang terputus-putus di atas jalan dua arah seperti pada gambar di bawah ini?', 'Kendaraan tidak boleh melintas karena ada Polisi yang bertugas', 'Kendaraan tidak boleh melintas garis ini karena jalanan sempit', 'Kendaraan tidak boleh melintas di atas garis ini walaupun tidak ada kendaraan lain di depannya', 'Kendaraan boleh melintas di atas garis ini', '4', null);
INSERT INTO `tbl_soal` VALUES ('70', '7', 'Apakah arti rambu petunjuk seperti gambar di bawah ini?', 'Jembatan Timbangan', 'Awal bagian jalan satu jurusan', 'Awal jalan bebas hambatan/tol', 'Ada jembatan di atas jalan', '3', null);
INSERT INTO `tbl_soal` VALUES ('71', '7', 'Faktor yang sering menimbulkan kecelakaan lalu lintas pada saat mendahului kendaraan lain  meski kondisi jalan baik  jarak pandang cukup dan jalur jalan lurus adalah', 'Kendaraan yang akan didahului memberi ruang yang cukup untuk didahului', 'Salah perhitungan jarak dan kecepatan yang diperlukan untuk mendahului secara aman', 'Memberi tanda berulang - ulang lampu sein kanan sebagai tanda permintaan mendahului', 'Pengemudi tidak membawa surat-surat kelengkapan berkendaraan', '2', null);
INSERT INTO `tbl_soal` VALUES ('72', '7', 'Berapa usia yang dipersyaratkan oleh Undang - Undang untuk seseorang bisa memperoleh golongan SIM C?', '16 tahun', '17 tahun', '18 tahun', 'di bawah 17 tahun namun sudah menikah', '2', null);
INSERT INTO `tbl_soal` VALUES ('73', '7', 'Pada saat mengemudi di jalan  apa yang anda lakukan sebagai pengemudi apabila melihat tanda rambu peringatan di bawah ini?', 'Berhati - hati karena banyak kendaraan parkir di jalan menurun', 'Berhati - hati, melakukan persiapan pengereman dan mengurangi kecepatan dengan menggunakan persneling rendah, karena menghadapi jalan menurun', 'Berhati-hati dengan kendaraan dari arah depan', 'Berhati-hati dengan kendaraan dari arah belakang', '2', null);
INSERT INTO `tbl_soal` VALUES ('74', '7', 'Fungsi dari rem adalah', 'Untuk memperlambat atau menghentikan putaran roda', 'Untuk menghentikan kendaraan yang sedang melaju', 'Untuk menurunkan putaran mesin', 'Untuk mengganti gigi transmisi kendaraan', '1', null);
INSERT INTO `tbl_soal` VALUES ('75', '7', 'Tindakan apa yang paling tepat anda lakukan pada saat berkendara mengikuti truk gandengan yang akan berbelok memasuki jalan yang sempit', 'Mengurangi kecepatan dan mengambil jarak yang aman karena truk akan mengurangi kecepatannya dan mungkin berhenti sebelum berbelok', 'Menyalip truk dari ruang jalan kanan atau kiri yang memungkinkan untuk dilewati', 'Memberi isyarat dengan klakson agar dapat segera mendahului', 'Memberi isyarat agar truk berhenti dan memberi kesempatan pada kendaraan di belakang untuk mendahului', '1', null);
INSERT INTO `tbl_soal` VALUES ('76', '7', 'Menurut anda  jika seseorang sudah mapan dan mampu membeli kendaraan bermotor tetapi belum berusia 17 tahun maka', 'Berhak mendapatkan SIM C karena sudah memiliki kendaraan', 'Berhak mendapatkan SIM C karena sudah dewasa dan hidup mapan', 'Tidak berhak mendapatkan SIM C karena belum memenuhi syarat minimal usia', 'Berhak mendapatkan SIM C bila sudah mahir mengendarai sepeda motor', '3', null);
INSERT INTO `tbl_soal` VALUES ('77', '7', 'Marka membujur berupa garis ganda yang terdiri dari garis utuh dan garis putus-putus menyatakan bahwa', 'Kendaraan yang berada pada sisi garis utuh dilarang melintasi garis ganda tersebut, sedangkan kendaraan yang berada pada sisi garis putus-putus dapat melintasi garis ganda tersebut', 'Kendaraan yang berada pada sisi garis utuh dapat melintasi garis ganda tersebut, sedangkan kendaraan yang berada pada sisi garis putus-putus dilarang melintasi garis ganda tersebut', 'Kendaraan yang berada pada sisi garis utuh dilarang melintasi garis ganda tersebut, sedangkan kendaraan yang berada pada sisi garis putus-putus dilarang melintasi garis ganda tersebut', 'Kendaraan yang berada pada sisi garis utuh dapat melintasi garis ganda tersebut, sedangkan kendaraan yang berada pada sisi garis putus-putus dapat melintasi garis ganda tersebut', '1', null);
INSERT INTO `tbl_soal` VALUES ('78', '7', 'Pada persilangan sebidang antara jalur kereta api dengan jalan  pengemudi harus', 'Mendahulukan kereta api', 'Memberikan hak utama kepada kendaraan yang lebih dahulu melintasi rel', 'Butir a dan b benar semua', 'Butir a dan b salah semua', '3', null);
INSERT INTO `tbl_soal` VALUES ('79', '7', 'Marka jalan terdiri dari', 'Marka melintang dan marka serong', 'Marka membujur dan marka melintang', 'Marka membujur, marka melintang, marka serong, marka lambang, dan marka lainnya', 'Marka membujur dan marka lambang', '3', null);
INSERT INTO `tbl_soal` VALUES ('80', '7', 'Pengemudi kendaraan bermotor di jalan diwajibkan mengemudikan kendaraan sesuai batas kecepatan yang dinyatakan dengan rambu lalu lintas', 'Salah, kecepatan kendaraan disesuaikan dengan keterampilan dan keyakinan pengemudi', 'Benar, demi keamanan pengendara dan pengguna jalan lain serta sesuai dengan infrastruktur jalan yang dilalui', 'Benar, kecuali untuk kendaraan besar/truk/tronton dapat dikemudikan di bawah kecepatan yang ditentukan', 'Salah, selama jalan sepi pengemudi dapat mengendarai di atas batas kecepatan', '2', null);
INSERT INTO `tbl_soal` VALUES ('81', '7', 'Marka membujur berupa garis ganda yang terdiri dari dua garis utuh menyatakan bahwa', 'Kendaraan dan orang dilarang melintasi garis ganda tersebut', 'Kendaraan dapat melintasi garis ganda tersebut', 'Kendaraan dilarang melintasi garis ganda tersebut', 'Kendaraan dan orang dapat melintasi garis ganda tersebut', '3', null);
INSERT INTO `tbl_soal` VALUES ('82', '7', 'Marka membujur berupa garis ganda yang terdiri dari dua  2  buah garis utuh  seperti pada gambar di bawah digunakan untuk menyatakan', 'Kendaraan diperbolehkan melintasi garis ganda tersebut', 'Kendaraan yang berada pada posisi garis terputus-putus dilarang melintasi garis ganda tersebut', 'Kendaraan tidak diperbolehkan melintasi garis tersebut', 'Kendaraan dilarang saling mendahului', '3', null);
INSERT INTO `tbl_soal` VALUES ('83', '7', 'Tindakan apa yang anda lakukan apabila melihat rambu peringatan seperti gambar di bawah ini pada saat berkendara di jalan?', 'Berhati-hati dan kurangi kecepatan karena jalan berkelok sejauh 3 Km ke depan', 'Kurangi kecepatan karena jalan licin', 'Dilarang mendahului karena jalan berkelok sejauh 3 Km ke depan', 'Hanya ada 3 tikungan sejauh 3 Km ke depan', '1', null);
INSERT INTO `tbl_soal` VALUES ('84', '7', 'Kendaraan manakah yang harus menunggu berdasarkan situasi arus lalu lintas seperti pada gambar dibawah ini?', 'Kendaraan 1', 'Kendaraan 2', 'Kendaraan 3', 'Kendaraan 2 dan 3', '2', null);
INSERT INTO `tbl_soal` VALUES ('85', '7', 'Bagaimana pendapat anda dengan angkutan umum yang berhenti menaikan menurunkan penumpang seperti pada gambar di bawah ini ?', 'Tidak melanggar rambu lalu lintas karena jalanan sepi', 'Melanggar rambu larangan berhenti', 'Melanggar namun terpaksa karena permintaan penumpang', 'Tidak masalah karena tidak ada polisi di daerah tersebut dan tidak mengganggu arus lalu lintas di belakangnya', '2', null);
INSERT INTO `tbl_soal` VALUES ('86', '7', 'Spakbor pada sepeda motor berfungsi sebagai', 'Agar terlihat modis', 'Meredam kebisingan knalpot', 'Melindungi pengendara dan pengendaa lain dari debu dan muncratan air saat hujan atau jalanan basah', 'Sebagai aksesoris pada sepeda motor', '3', null);
INSERT INTO `tbl_soal` VALUES ('87', '7', 'Saat berkendara di jalan  apa yang harus Anda lakukan jika melihat rambu seperti gambar di bawah ini?', 'Anda memasuki jalan bebas hambatan/tol sepanjang 60 km', 'Kecepatan maksimum kendaraan yang diperbolehkan yaitu 60 km per jam', 'Kecepatan minimun kendaraan yang diperbolehkan 60 km per jam', 'Ruas jalan yang diperuntukkan bagi kendaraan dengan kecepatan minimum 60 km per jam', '2', null);
INSERT INTO `tbl_soal` VALUES ('88', '7', 'Menurut anda yang termasuk kategori pengemudi yang baik dan berkeselamatan di jalan adalah', 'Mengendarai kendaraan bermotor dengan kecepatan tinggi dan hati-hati', 'Dapat mengendalikan diri, tidak cepat naik darah/emosi, mempunyai rasa lapang dada dan kepala dingin dalam segala situasi serta memiliki ketrampilan mengemudi yang tinggi', 'Mengendarai kendaraan bermotor dengan pelan-pelan saja', 'Mengendarai kendaraan bermotor sepelan mungkin', '2', null);
INSERT INTO `tbl_soal` VALUES ('89', '7', 'Fungsi dari lampu isyarat peringatan bahaya  hazard  adalah ?', 'Untuk menunjukkan bahwa kita akan berjalan lurus depan di suatu persimpangan', 'Untuk tanda bahwa kendaraan kita sedang mundur', 'Untuk memberi tanda bahwa kita sedang dalam keadaan darurat', 'Untuk memberi tanda pada saat kendaraan akan berbelok', '3', null);
INSERT INTO `tbl_soal` VALUES ('90', '7', 'Rambu peringatan digunakan untuk menyatakan peringatan bahaya atau tempat berbahaya pada jalan di depan pemakai jalan', 'Benar, sehingga pengguna jalan akan lebih waspada dan lebih berhati-hati', 'Hanya sebagai informasi situasi lalu lintas di depan', 'Benar, namun tidak wajib diikuti terutama untuk jalan yang sudah dikenal dan sering dilalui', 'Cukup dilihat sekilas', '1', null);
INSERT INTO `tbl_soal` VALUES ('91', '7', 'Alat pengukur kecepatan di kendaraan  secara umum menunjukkan ?', 'Kecepatan rata-rata kendaraan kita', 'Kecepatan maksimal kendaraan kita', 'Kecepatan aktual kendaraan kita pada saat kita melihat alat tersebut', 'Kecepatan yang diwajibkan sesuai kelas jalan yang dilalui', '3', null);
INSERT INTO `tbl_soal` VALUES ('92', '7', 'Pengemudi dilarang mendahului kendaraan lain apabila', 'Kendaraan lain di persimpangan atau persilangan sebidang', 'Kendaraan lain yang sedang memberi kesempatan menyeberang kepada pejalan kaki atau pengendara sepeda', 'Butir a dan b benar semua', 'Butir a dan b salah semua', '3', null);
INSERT INTO `tbl_soal` VALUES ('93', '7', 'Apakah arti rambu peringatan di bawah ini?', 'Perlintasan jalan kereta api berpintu', 'Perlintasan jalan kereta api tanpa pintu', 'Perlintasan jalan khusus kereta api listrik (KRL)', 'Perlintasan jalan khusus kereta api diesel (KRD)', '2', null);
INSERT INTO `tbl_soal` VALUES ('94', '7', 'Berapa kali batasan maksimal seseorang untuk mengikuti tes mendapatkan SIM  Surat Izin Mengemudi ?', '3 kali', '1 kali', '5 kali', 'Tidak ada batasan yang penting memenuhi persyaratan yang berlaku', '4', null);
INSERT INTO `tbl_soal` VALUES ('95', '7', 'Anda melanggar ketentuan undang-undang lalu lintas apabila saat berkendara di jalan tidak memiliki', 'Tidak memiliki BPKB', 'Tidak memiliki SIM', 'Tidak memiliki KTP', 'Tidak memiliki Ijazah', '2', null);
INSERT INTO `tbl_soal` VALUES ('96', '7', 'Saat berkendara di jalan  faktor apa yang paling utama yang harus anda perhatikan dalam menentukan jarak aman antara kendaraan anda dan kendaraan di depan?', 'Kondisi cuaca', 'Kecepatan kendaraan dan jarak berhenti apabila direm', 'Asap tebal dari knalpot kendaraan di depan', 'Kondisi kesehatan pengemudi', '2', null);
INSERT INTO `tbl_soal` VALUES ('97', '7', 'Saat berkendara di jalan  untuk melihat kecepatan laju kendaraan  Anda berpedoman pada', 'Kecepatan kendaraan di depan anda', 'Speedometer yang menunjukkan kecepatan kendaraan', 'Kecepatan kendaraan disebelah anda', 'Perkiraan kecepatan angin yang menerpa kita', '2', null);
INSERT INTO `tbl_soal` VALUES ('98', '7', 'Penggunaan helm yang aman dan diakui sesuai standar SNI merupakan persyaratan yang harus digunakan oleh pengendara sepeda motor dan penumpang ', 'Benar, karena menggunakan helm dapat menjadikan pengendara terlihat lebih baik', 'Benar, karena helm dapat meminimalisir luka pada kepala', 'Salah, helm tidak perlu sesuai standar SNI yang penting nyaman dipakai', 'Salah, menggunakan helm membuat pengendara tidak nyaman', '2', null);
INSERT INTO `tbl_soal` VALUES ('99', '7', 'Manakah pernyataan yang benar apabila melihat rambu larangan seperti gambar di bawah ini?', 'Kendaraan bermotor roda empat atau lebih dilarang masuk', 'Kendaraan bermotor roda empat atau lebih dilarang masuk kecuali kendaraan jenis sedan', 'Kendaraan jenis sedan saja yang tidak boleh masuk', 'Kendaraan bermotor roda empat dan roda dua dilarang masuk', '1', null);
INSERT INTO `tbl_soal` VALUES ('100', '7', 'Marka melintang berupa garis putus-putus menyatakan', 'Batas yang dapat dilampaui kendaraan sewaktu memberi kesempatan kepada kendaraan yang tidak mendapat hak utama pada persimpangan', 'Batas yang dapat dilampaui kendaraan sewaktu memberi kesempatan kepada kendaraan yang mendapat hak utama pada persimpangan', 'Batas yang tidak dapat dilampaui kendaraan sewaktu memberi kesempatan kepada kendaraan yang tidak mendapat hak utama pada persimpangan', 'Batas yang tidak dapat dilampaui kendaraan sewaktu memberi kesempatan kepada kendaraan yang mendapat hak utama pada persimpangan', '4', null);
INSERT INTO `tbl_soal` VALUES ('101', '3', 'Kaca pengintai atau kaca spion sebagai perlengkapan pada kendaraan bermotor berfungsi untuk', 'Digunakan sebagai kaca hias', 'Memenuhi peraturan semata', 'Sewaktu-waktu melihat keadaan jalan sebelah belakang kanan atau kiri oleh pengemudinya', 'Melengkapi aksesoris kendaraan', '3', null);
INSERT INTO `tbl_soal` VALUES ('102', '3', 'Apakah arti rambu peringatan ini?', 'Tidak diizinkan untuk berbelok ke kanan', 'Peringatan tikungan tajam ke kanan', 'Seluruh kendaraan wajib berbelok ke kanan', 'Peringatan kendaraan dari arah kanan', '2', null);
INSERT INTO `tbl_soal` VALUES ('103', '3', 'Saat sedang mengemudikan kendaraan di jalan dua arah berlajur satu untuk setiap jurusan  Sebuah mobil dari depan mendahului kendaraan lainnya dan salah memperhitungkan ruang aman untuk mendahului  Apa yang anda lakukan?', 'Kurangi kecepatan dan mengerem secara mendadak', 'Memberi peringatan dengan mengkedip-kedipkan lampu besar mobil anda dan mengelak ke bagian paling kiri jalan yang ditempuh', 'Memberi peringatan dengan mengkedip-kedipkan lampu besar mobil anda dan tetap berada di lajur jalan yang ditempuh', 'Melihat melalui kaca spion untuk mengamati kendaraan di belakang, menyalakan lampu sein kiri, mengurangi kecepatan sambil bergerak ke kiri dengan tetap menjaga keamanan kendaraan, dan memberi ruang yang cukup kendaraan dari depan tersebut', '4', null);
INSERT INTO `tbl_soal` VALUES ('104', '3', 'Alat Pemberi Isyarat Lalu Lintas terdiri atas', 'Lampu tiga warna, lampu dua warna, lampu satu warna', 'Lampu tiga warna, lampu dua warna', 'Lampu tiga warna, lampu satu warna', 'Lampu dua warna, lampu satu warna', '1', null);
INSERT INTO `tbl_soal` VALUES ('105', '3', 'Tindakan apa yang anda lakukan pada saat memundurkan kendaraan keluar dari pekarangan parkir untuk memasuki jalan umum dimana pemandangan terhadap situasi jalan terhalang?', 'Tidak perlu ada yang membantu, cukup mengandalkan kaca spion dan memundurkan kendaraan secara perlahan', 'Upayakan ada orang yang membantu anda dengan memberikan isyarat apabila jalan umum sudah aman', 'Meletakkan benda yang dapat menghalangi laju kendaraan lain sebelum kendaraan anda mundur', 'Menyalakan lampu hazard (darurat) dan menyembunyikan klakson untuk mendapatkan perhatian pengendara lain', '2', null);
INSERT INTO `tbl_soal` VALUES ('106', '3', 'Pada saat mengendarai kendaraan di jalan bebas hambatan jalan tol  pengemudi dilarang melakukan hal-hal kecuali?', 'Menggunakan bahu jalan untuk mendahului kendaraan lain', 'Berhenti di bahu jalan pada saat keadaan darurat', 'Mengemudi dengan kecepatan melebihi ketentuan batas kecepatan', 'Berbalik arah', '2', null);
INSERT INTO `tbl_soal` VALUES ('107', '3', 'Daya angkut maksimum ruang muatan mobil beban ditentukan menurut ', 'Keinginan orang yang barangnya akan diangkut', 'Buku Uji kendaraan dan Tanda kiri/kanan kendaraan sesuai Buku tersebut, yang dikeluarkan oleh DLLAJR.', 'Selama masih ada ruangan untuk mengangkut', 'Melebihi batas maksimum juga tidak apa-apa, asal hati-hati', '2', null);
INSERT INTO `tbl_soal` VALUES ('108', '3', 'Fasilitas untuk pejalan kaki antara lain', 'Trotoar', 'Tempat penyeberangan yang dinyatakan dengan marka jalan dan atau rambu-rambu', 'Jembatan penyeberangan dan terowongan penyeberangan', 'Semuanya benar', '4', null);
INSERT INTO `tbl_soal` VALUES ('109', '3', 'Untuk mendapatkan Surat Izin Mengemudi  SIM   setiap orang antara lain harus memenuhi persyaratan usia  Batas persyaratan usia untuk dapat memiliki SIM Golongan BI', '17 tahun', '18 tahun', '16 tahun', '20 tahun', '4', null);
INSERT INTO `tbl_soal` VALUES ('110', '3', 'Di antara SIM berikut yang syarat usia minimumnya 20 tahun adalah', 'SIM B1', 'SIM A', 'SIM C', 'SIM D', '1', null);
INSERT INTO `tbl_soal` VALUES ('111', '3', 'Marka Kotak Kuning  Yellow Box Junction  adalah', 'Marka Jalan berbentuk segi empat dengan 2 (dua) garis diagonal berpotongan dan berwarna kuning yang berfungsi untuk melarang kendaraan berhenti di suatu area', 'Marka Jalan berbentuk segi empat dengan 2 (dua) garis diagonal berpotongan dan berwarna kuning yang berfungsi untuk melarang mendahului kendaraan lain', 'Marka Jalan berbentuk segi empat dengan 2 (dua) garis diagonal berpotongan dan berwarna kuning yang berfungsi untuk melarang kendaraan menerobos alat pemberi isyarat lalu lintas', 'Marka Jalan berbentuk segi empat dengan 2 (dua) garis diagonal berpotongan dan berwarna kuning yang berfungsi untuk membagi jalur jalan', '1', null);
INSERT INTO `tbl_soal` VALUES ('112', '3', 'Surat Izin Mengemudi dengan syarat umur paling rendah 20 tahun adalah ?', 'SIM A', 'SIM B1', 'SIM B2', 'SIM C', '2', null);
INSERT INTO `tbl_soal` VALUES ('113', '3', 'Marka membujur berupa garis utuh berfungsi sebagai', 'Larangan bagi kendaraan melintasi garis tersebut', 'Perintah bagi kendaraan melintasi garis tersebut', 'Petunjuk bagi kendaraan melintasi garis tersebut', 'Semuanya benar', '1', null);
INSERT INTO `tbl_soal` VALUES ('114', '3', 'Pada saat memarkir kendaraan di jalan umum atau lokasi parkir  apa yang seharusnya anda lakukan sebelum meninggalkan kendaraan?', 'Pasang lampu hazard (darurat)', 'Periksa apakah parkir sudah sesuai dengan aturan serta kendaraan sudah terkunci dengan baik', 'Periksa apakah lokasi parkir tersebut dikelola petugas parkir resmi atau tidak', 'Pasang rem tangan saat parkir di jalur yang menghalangi kendaraan lain yang sedang parkir juga', '2', null);
INSERT INTO `tbl_soal` VALUES ('115', '3', 'Berdasarkan gambar di bawah ini  menurut anda posisi berhenti kendaraan yang paling benar adalah', 'Kendaraan 3', 'Kendaraan 1', 'Kendaraan 2', 'Kendaraan 1 dan 2', '2', null);
INSERT INTO `tbl_soal` VALUES ('116', '3', 'Klakson pada kendaraan motor berfungsi sebagai', 'Peralatan pendukung yang dapat mengejutkan seseorang', 'Peralatan pendukung yang dapat memberikan tanda kepada sesama pengguna jalan', 'Peralatan pendukung yang digunakan pada saat konvoi kendaaraan', 'Peralatan pendukung yang digunakan pada saat meminta prioritas jalan', '2', null);
INSERT INTO `tbl_soal` VALUES ('117', '3', 'Marka membujur berupa', 'Garis utuh dan garis putus-putus', 'Garis ganda yang terdiri dari garis utuh dan garis putus-putus', 'Garis ganda yang terdiri dari dua garis utuh', 'Semuanya benar', '4', null);
INSERT INTO `tbl_soal` VALUES ('118', '3', 'Pencabutan SIM oleh hakim bagi seorang pengemudi yang terlibat sebagai tersangka dalam kasus kecelakaan lalu lintas dengan akibat korban luka berat atau meninggal dunia  ataupun si pengemudi terbukti beberapa kali melakukan pelanggaran lalu lintas seseorang  berakibat', 'Orang tersebut untuk sementara waktu tidak boleh mengemudi sampai batas putusan hakim berakhir', 'Orang tersebut dapat mengemudi asal mendapat SIM nya kembali dari Polisi', 'Orang tesebut dapat mengemudi asal sudah memiliki SIM lagi', 'Orang tersebut tidak boleh mengemudi lagi selamanya', '1', null);
INSERT INTO `tbl_soal` VALUES ('119', '3', 'Apa arti rambu peringatan ini?', 'Jalan pegunungan yang sangat sempit', 'Banyak kendaraan berhenti di tanjakan', 'Menghadapi tanjakan', 'Jalan licin', '3', null);
INSERT INTO `tbl_soal` VALUES ('120', '3', 'Untuk melihat situasi arus lalu lintas di sebelah kanan kendaraan  sebelum anda berbelok dapat melihat dengan cara', 'Melihat Spion sebelah kiri', 'Melihat Spion sebelah kanan dan bila diperlukan melirik ke kanan untuk memastikan tidak ada kendaraan pada area titik buta (blind spot) pada spion', 'Menengok ke sebelah kanan bila perlu melihat ke belakang untuk memastikan situasi aman', 'Menengok ke sebelah kiri dan kanan untuk melihat situasi aman', '2', null);
INSERT INTO `tbl_soal` VALUES ('121', '3', 'Situasi lalu lintas berdasarkan gambar di bawah ini manakah kendaraan yang mendapatkan prioritas sesuai urutan?', 'Nomor 2 - 3 - 1', 'Nomor 1 - 2 - 3', 'Nomor 3 - 2 - 1', 'Nomor 1 - 3 - 2', '2', null);
INSERT INTO `tbl_soal` VALUES ('122', '3', 'Apa arti gambar rambu lalu lintas di bawah ini?', 'Persimpangan jalan di depan', 'Perlintasan jalan kereta api di depan dengan dua atau lebih jalur rel', 'Perlintasan jalan dengan rel kereta api di atas tanah', 'Perlintasan rel kereta dengan dua lajur jalan', '2', null);
INSERT INTO `tbl_soal` VALUES ('123', '3', 'Area sudut mati  blind spot  pada spion adalah ', 'Area dimana pengendara bisa mengetahui keberadaan pengguna jalan lain di sekitarnya melalui spion', 'Titik buta dimana pengendara tidak bisa mengetahui keberadaan pengguna jalan lain di sekitarnya melalui spion', 'Area tepat di belakang kendaraan yang hanya bisa dilihat melalui spion tengah', 'Area yang hanya bisa dilihat melalui spion kiri atau kanan', '2', null);
INSERT INTO `tbl_soal` VALUES ('124', '3', 'Menurut anda manakah pernyataan dibawah ini yang paling benar', 'Yang menjadi alat ukur seseorang laik mendapat SIM dalam ujian SIM adalah kemampuan konsentrasi, ketahanan, stabilitas emosi dan keuangan yang cukup', 'Yang menjadi alat ukur seseorang laik mendapat SIM dalam ujian SIM adalah kemampuan konsentrasi, ketahanan dan stabilitas emosi', 'Yang menjadi alat ukur seseorang laik mendapat SIM dalam ujian SIM adalah kemampuan konsentrasi, keberanian dan stabilitas emosi', 'Yang jadi alat ukur seseorang laik mendapat SIM dalam ujian SIM adalah kemampuan konsentrasi, stabilitas emosi dan memiliki kendaraan sendiri', '2', null);
INSERT INTO `tbl_soal` VALUES ('125', '3', 'Pada saat berkendara di jalan yang tidak ada larangan mendahului  pengemudi dapat melewati kendaraan lain kecuali', 'Rombongan anak sekolah yang menggunakan sepeda', 'Kendaraan lain yang sedang memberi kesempatan menyeberang kepada pejalan kaki atau pengendara sepeda', 'Rombongan pawai/karnaval', 'Rombongan jenazah', '2', null);
INSERT INTO `tbl_soal` VALUES ('126', '3', 'Untuk mendepatkan Surat Izin Mengemudi  calon pengemudi harus ?', 'Memiliki kompetensi mengemudi', 'Memiliki kendaraan bermotor', 'Memiliki kompetensi permesinan', 'Mengetahui jalan di lingkungannya', '1', null);
INSERT INTO `tbl_soal` VALUES ('127', '3', 'Ketika petugas lalu lintas memberikan isyarat jalan dari arah sebelah kiri  kendaraan mana yang dapat berjalan lebih dulu?', 'Kendaraan A dan B', 'Kendaraan C', 'Kendaraan A', 'Kendaraan B', '2', null);
INSERT INTO `tbl_soal` VALUES ('128', '3', 'Bagaimana anda mengatur kecepatan kendaraan pada saat akan mendahului kendaraan lain?', 'Kecepatan kendaraan dijaga agar sama dengan kendaraan yang akan didahului', 'Batas kecepatan maksimum yang telah ditentukan dapat dilampaui pada saat mendahului kendaraan', 'Kecepatan kendaraan harus ditambah ketika akan melewati kendaraan lain dengan tetap menjaga keamanan dan memperhatikan batas kecepatan maksimum yang telah ditetapkan', 'Memberi isyarat dengan menggunakan lampu/klakson kepada kendaraan yang akan didahului untuk menepi karena sudah mencapai batas kecepatan maksimum', '3', null);
INSERT INTO `tbl_soal` VALUES ('129', '3', 'Pengemudi kendaraan bermotor di jalan diwajibkan mengemudikan kendaraan sesuai batas kecepatan yang dinyatakan dengan rambu lalu lintas', 'Salah, kecepatan kendaraan disesuaikan dengan keterampilan dan keyakinan pengemudi', 'Benar, demi keamanan pengendara dan pengguna jalan lain serta sesuai dengan infrastruktur jalan yang dilalui', 'Benar, kecuali untuk kendaraan besar/truk/tronton dapat dikemudikan di bawah kecepatan yang ditentukan', 'Salah, selama jalan sepi pengemudi dapat mengendarai di atas batas kecepatan', '2', null);
INSERT INTO `tbl_soal` VALUES ('130', '3', 'Marka jalan terdiri dari', 'Marka melintang dan marka serong', 'Marka membujur dan marka melintang', 'Marka membujur, marka melintang, marka serong, marka lambang, dan marka lainnya', 'Marka membujur dan marka lambang', '3', null);
INSERT INTO `tbl_soal` VALUES ('131', '3', 'Bila anda mengemudikan kendaraan dalam cuaca kabut tebal  maka anda harus mengurangi kecepatan  dan menyalakan', 'Lampu besar sinar jarak dekat', 'Lampu Hazard', 'Lampu besar sinar jarak jauh', 'Lampu besar dan lampu hazard secara bersamaan', '1', null);
INSERT INTO `tbl_soal` VALUES ('132', '3', 'Apa kegunaan bahu jalan pada jalan bebas hambatan TOL seperti pada gambar di bawah ini?', 'Untuk Mendahului kendaraan lain', 'Untuk berhenti dan Parkir', 'Untuk kendaraan dalam keadaan darurat', 'Untuk istirahat apabila lelah', '3', null);
INSERT INTO `tbl_soal` VALUES ('133', '3', 'Saat kecepatan kendaraan bertambah  maka jarak berhenti sesudah pengereman adalah', 'Bertambah jauh', 'Tetap sama', 'Tidak akan bertambah asalkan kondisi rem dalam keadaan baik', 'Dapat semakin dekat apabila rem ditekan kuat dan sesegera mungkin', '1', null);
INSERT INTO `tbl_soal` VALUES ('134', '3', 'Fungsi lampu utama jauh adalah?', 'Untuk menerangi area yang lebih jauh di depan kendaraan kita', 'Memberi isyarat perubahan arah', 'Untuk keadaan darurat', 'Menerangi area di depan kendaraan kita dalam jarak dekat', '1', null);
INSERT INTO `tbl_soal` VALUES ('135', '3', 'Pada waktu lampu pengatur lalu lintas berganti menjadi hijau  seorang penyeberang jalan masih berada di atas zebra cross  maka yang mendapat kesempatan berjalan terlebih dahulu adalah', 'Pengemudi kendaraan yang berada pada lajur paling kanan', 'Pengemudi kendaraan yang berada paling depan', 'Pejalan kaki yang masih berada di atas zebra cross', 'Pengemudi kendaraan yang berada pada lajur paling kiri', '3', null);
INSERT INTO `tbl_soal` VALUES ('136', '3', 'Menurut sifatnya  rambu lalu lintas terdiri dari', 'Peringatan, Larangan, Perintah, Petunjuk', 'Larangan, Perintah, Petunjuk', 'Peringatan, Larangan, Perintah', 'Peringatan, Larangan, Petunjuk', '1', null);
INSERT INTO `tbl_soal` VALUES ('137', '3', 'Pengemudi yang akan melewati kendaraan lain harus', 'Mempunyai pandangan bebas', 'Menjaga ruang yang cukup bagi kendaraan yang dilewatinya', 'Butir a dan b benar semua', 'Butir a dan b salah semua', '3', null);
INSERT INTO `tbl_soal` VALUES ('138', '3', 'Apa manfaat utama dari peraturan undang-undang lalu lintas dan angkutan jalan?', 'Supaya polisi dapat menindak dan menilang pelanggar', 'Menghargai dan menjamin hak setiap pengguna jalan', 'Mengatur tata cara penggunaan jalan di luar kepentingan berlalu lintas', 'Supaya orang tahu aturan di jalan raya', '2', null);
INSERT INTO `tbl_soal` VALUES ('139', '3', 'Pada saat anda sedang mengemudikan kendaraan dengan kecepatan tinggi di jalan bebas hambatan jalan tol  kapan anda diperbolehkan berada di lajur paling kanan?', 'Sepanjang tidak ada larangan untuk berjalan di lajur paling kanan', 'Sepanjang anda masih mengikuti kendaraan lain yang berada di lajur kanan yang belum menyelesaikan gerakan mendahului', 'Tidak ada kendaraan lain di belakang yang meminta mendahului dengan memberi tanda lampu berkelip-kelip', 'Tidak ada perintah dari petugas', '2', null);
INSERT INTO `tbl_soal` VALUES ('140', '3', 'Apa yang harus dilakukan pengemudi sedan seperti pada gambar di bawah ini bila lampu lalu lintas menyala kuning berkedip-kedip?', 'Pengemudi harus berhenti di garis berhenti', 'Pengemudi harus berhenti jika lampu berubah', 'Pengemudi berjalan terus tetapi hati-hati, jika perlu berhenti di garis berhenti untuk mengamati situasi lalu lintas sampai keadaan aman', 'Tetap melaju dengan kecepatan stabil', '3', null);
INSERT INTO `tbl_soal` VALUES ('141', '3', 'Ketika petugas lalu lintas memberikan isyarat berhenti semua jurusan seperti pada gambar berikut  kendaraan mana yang boleh berjalan?', 'Kendaraan nomor 1 dan nomor 2', 'Tidak satupun dari kedua kendaraan tersebut', 'Kendaraan nomor 1', 'Kendaraan nomor 2', '2', null);
INSERT INTO `tbl_soal` VALUES ('142', '5', 'Untuk kepentingan tertentu  kendaraan bermotor dapat dilengkapi dengan lampu isyarat sirine  Penggunaan lampu isyarat sirine sesuai dengan ketentuan hanya boleh di pasang pada kendaraan bermotor', 'Petugas penegak hukum tertentu, dinas pemadam kebakaran dan Ambulan', 'Iring-iringan konvoi kendaraan pribadi', 'Mobil mewah dan motor besar', 'Mobil dinas pejabat', '1', null);
INSERT INTO `tbl_soal` VALUES ('143', '5', 'Pengemudi kendaraan bermotor di jalan diwajibkan mengemudikan kendaraan sesuai batas kecepatan yang dinyatakan dengan rambu lalu lintas', 'Salah, kecepatan kendaraan disesuaikan dengan keterampilan dan keyakinan pengemudi', 'Benar, demi keamanan pengendara dan pengguna jalan lain serta sesuai dengan infrastruktur jalan yang dilalui', 'Benar, kecuali untuk kendaraan besar/truk/tronton dapat dikemudikan di bawah kecepatan yang ditentukan', 'Salah, selama jalan sepi pengemudi dapat mengendarai di atas batas kecepatan', '2', null);
INSERT INTO `tbl_soal` VALUES ('144', '5', 'Pada saat mengemudi  apa yang anda lakukan ketika melihat gambar rambu di bawah ini?', 'Berhenti setelah rambu ini', 'Berhenti dahulu sebelum melewati rambu ini dan amati lalu lintas di persimpangan sampai keadaan aman', 'Langsung berhenti sebelum melewati rambu ini', 'Berhenti kalau ada Polisi', '2', null);
INSERT INTO `tbl_soal` VALUES ('145', '5', 'Tindakan apa yang anda lakukan apabila melihat rambu peringatan seperti gambar di bawah ini pada saat berkendara di jalan?', 'Berhati-hati dan kurangi kecepatan karena jalan berkelok sejauh 3 Km ke depan', 'Kurangi kecepatan karena jalan licin', 'Dilarang mendahului karena jalan berkelok sejauh 3 Km ke depan', 'Hanya ada 3 tikungan sejauh 3 Km ke depan', '1', null);
INSERT INTO `tbl_soal` VALUES ('146', '5', 'Setiap pemilik kendaraan bermotor harus mempunyai Buku Pemilik Kendaraan Bermotor  BPKB  sebagai tanda kepemilikan untuk kepentingan pemilik  maka', 'BPKB senantiasa dibawa apabila berada di jalan umum', 'BPKB senantiasa harus disimpan baik-baik di rumah', 'BPKB dapat digadaikan kapan saja', 'BPKB senantiasa harus disimpan baik-baik dan ditunjukkan apabila diperlukan', '4', null);
INSERT INTO `tbl_soal` VALUES ('147', '5', 'Saat berkendara di jalan  apa yang harus Anda lakukan jika melihat rambu seperti gambar di bawah ini?', 'Anda memasuki jalan bebas hambatan/tol sepanjang 60 km', 'Kecepatan maksimum kendaraan yang diperbolehkan yaitu 60 km per jam', 'Kecepatan minimun kendaraan yang diperbolehkan 60 km per jam', 'Ruas jalan yang diperuntukkan bagi kendaraan dengan kecepatan minimum 60 km per jam', '2', null);
INSERT INTO `tbl_soal` VALUES ('148', '5', 'Bagaimana menurut anda pernyataan bahwa pengemudi kendaraan bermotor wajib menggunakan sabuk keselamatan bagi dirinya dan penumpang pada kendaraannya dengan baik?', 'Benar, karena sabuk keselamatan berfungsi untuk meningkatkan tingkat keselamatan penggunanya bila terjadi benturan atau kecelakaan', 'Salah, karena mengenakan sabuk keselamatan tidak nyaman dan mengganggu pergerakan pengemudi maupun penumpang', 'Salah, karena mengenakan sabuk keselamatan itu hanya aksesoris', 'Benar, namun bagi penumpang tidak wajib karena tidak akan berbenturan dengan kemudi pada saat terjadi benturan/kecelakaan', '1', null);
INSERT INTO `tbl_soal` VALUES ('149', '5', 'Mengapa pengendara perlu mengatur jarak aman antar kendaraan  kecuali', 'Agar kendaraan punya ruang yang cukup untuk mengurangi kecepatan', 'Menghindari resiko kecelakaan', 'Agar dapat mengambil ancang-ancang lebih jauh saat akan mendahului', 'Agar kendaraan mempunyai waktu yang cukup untuk mengantisipasi gerakan mendadak dari kendaraan di depan', '3', null);
INSERT INTO `tbl_soal` VALUES ('150', '5', 'Pada saat petugas lalu lintas memberikan isyarat berhenti dari arah depan dan belakang seperti pada gambar di bawah ini  maka', 'Kendaraan A dan B berhenti', 'Semua kendaraan berjalan', 'Kendaraan A dan B berjalan', 'Semua kendaraan berhenti', '1', null);
INSERT INTO `tbl_soal` VALUES ('151', '5', 'Bagaimana pendapat anda angkutan umum menaikkan penumpang berdiri dan bergelantungan di pintu yang tidak tertutup pada saat berjalan seperti gambar di bawah ini?', 'Tidak diperbolehkan kecuali pada saat jam sibuk karena banyaknya penumpang yang menunggu', 'Diperbolehkan selama masih ada ruang di dalam kendaraan', 'Diperbolehkan asal hati-hati', 'Tidak diperbolehkan sama sekali', '4', null);
INSERT INTO `tbl_soal` VALUES ('152', '5', 'Menurut sifatnya  rambu lalu lintas terdiri dari', 'Peringatan, Larangan, Perintah, Petunjuk', 'Larangan, Perintah, Petunjuk', 'Peringatan, Larangan, Perintah', 'Peringatan, Larangan, Petunjuk', '1', null);
INSERT INTO `tbl_soal` VALUES ('153', '5', 'Pada waktu lampu pengatur lalu lintas berganti menjadi hijau  seorang penyeberang jalan masih berada di atas zebra cross  maka yang mendapat kesempatan berjalan terlebih dahulu adalah', 'Pengemudi kendaraan yang berada pada lajur paling kanan', 'Pengemudi kendaraan yang berada paling depan', 'Pejalan kaki yang masih berada di atas zebra cross', 'Pengemudi kendaraan yang berada pada lajur paling kiri', '3', null);
INSERT INTO `tbl_soal` VALUES ('154', '5', 'Menurut anda gambar di bawah ini menyatakan', 'Kendaraan di lajur A tidak boleh berpindah ke lajur B', 'Kendaraan di lajur A bila ingin mendahului boleh melewati garis tersebut', 'Kendaraan di lajur A boleh melintasi garis tersebut asal hati-hati', 'Kendaraan di lajur A boleh melintasi garis tersebut karena tidak berbahaya dan tidak ada Polisi yang bertugas', '1', null);
INSERT INTO `tbl_soal` VALUES ('155', '5', 'Fungsi penghapus kaca  wiper adalah', 'Menghapus air yang menempel di kaca', 'Menghapus noda pada kaca', 'Mengkilapkan kaca', 'Sebagai pelindung dari sinar lampu kendaraan dari arah depan', '1', null);
INSERT INTO `tbl_soal` VALUES ('156', '5', 'Apa kegunaan bahu jalan pada jalan bebas hambatan TOL seperti pada gambar di bawah ini?', 'Untuk Mendahului kendaraan lain', 'Untuk berhenti dan Parkir', 'Untuk kendaraan dalam keadaan darurat', 'Untuk istirahat apabila lelah', '3', null);
INSERT INTO `tbl_soal` VALUES ('157', '5', 'Saat sedang mengemudikan kendaraan di jalan dua arah berlajur satu untuk setiap jurusan  Sebuah mobil dari depan mendahului kendaraan lainnya dan salah memperhitungkan ruang aman untuk mendahului  Apa yang anda lakukan?', 'Kurangi kecepatan dan mengerem secara mendadak', 'Memberi peringatan dengan mengkedip-kedipkan lampu besar mobil anda dan mengelak ke bagian paling kiri jalan yang ditempuh', 'Memberi peringatan dengan mengkedip-kedipkan lampu besar mobil anda dan tetap berada di lajur jalan yang ditempuh', 'Melihat melalui kaca spion untuk mengamati kendaraan di belakang, menyalakan lampu sein kiri, mengurangi kecepatan sambil bergerak ke kiri dengan tetap menjaga keamanan kendaraan, dan memberi ruang yang cukup kendaraan dari depan tersebut', '4', null);
INSERT INTO `tbl_soal` VALUES ('158', '5', 'Masa berlaku Surat Izin Mengemudi  SIM  selama 5 tahun dan dapat diperpanjang  kecuali untuk SIM ?', 'SIM C', 'SIM Internasional', 'SIM BII', 'SIM A Umum', '2', null);
INSERT INTO `tbl_soal` VALUES ('159', '5', 'Manakah pernyataan yang benar apabila melihat rambu larangan seperti gambar di bawah ini?', 'Kendaraan bermotor roda empat atau lebih dilarang masuk', 'Kendaraan bermotor roda empat atau lebih dilarang masuk kecuali kendaraan jenis sedan', 'Kendaraan jenis sedan saja yang tidak boleh masuk', 'Kendaraan bermotor roda empat dan roda dua dilarang masuk', '1', null);
INSERT INTO `tbl_soal` VALUES ('160', '5', 'Sabuk keselamatan sebagai salah satu persyaratan keselamatan berlalu lintas pada kendaraan bermotor minimal harus terpasang', 'paling sedikit di tempat duduk pengemudi dan tempat duduk penumpang depan di samping tempat duduk pengemudi', 'di tempat duduk pengemudi saja', 'di tempat duduk penumpang depan samping pengemudi saja', 'di seluruh tempat duduk', '1', null);
INSERT INTO `tbl_soal` VALUES ('161', '5', 'Bagaimana menurut anda kendaraan barang yang digunakan untuk mengangkut penumpang orang seperti gambar dibawah ini?', 'Boleh asal hati-hati', 'Boleh asal digunakan pada malam hari dan jalanan sepi', 'Boleh asal penumpang tidak berdesakan', 'Tidak boleh', '4', null);
INSERT INTO `tbl_soal` VALUES ('162', '5', 'Dari jenis SIM berikut ini   SIM dengan syarat usia kepemilikan minimal 17 tahun adalah', 'SIM A', 'SIM B1', 'SIM A Umum', 'SIM B2', '1', null);
INSERT INTO `tbl_soal` VALUES ('163', '5', 'Apabila terjadi kecelakaan lalu lintas yang mengakibatkan kendaraan anda mengalami rusak  sedangkan anda menyadari kesalahan terletak pada pihak anda  tindakan apa yang sepatutnya anda lakukan?', 'Minta ganti rugi kepada pengemudi yang terlibat kecelakaan dan tidak perlu harus ke Polisi', 'Saling berargumentasi di jalan agar masing-masing pihak yang terlibat kecelakan tidak perlu mengganti kerugian', 'Melapor kepada polisi dan meminta agar tidak membayar ganti rugi', 'Melapor kepada Polisi, bersedia membantu perbaikan kendaraan lain baik melalui asuransi maupun dengan membayar kerugian lain', '4', null);
INSERT INTO `tbl_soal` VALUES ('164', '5', 'Apakah arti rambu peringatan di bawah ini?', 'Perlintasan jalan kereta api berpintu', 'Perlintasan jalan kereta api tanpa pintu', 'Perlintasan jalan khusus kereta api listrik (KRL)', 'Perlintasan jalan khusus kereta api diesel (KRD)', '2', null);
INSERT INTO `tbl_soal` VALUES ('165', '5', 'Saat berkendara di jalan  faktor apa yang paling utama yang harus anda perhatikan dalam menentukan jarak aman antara kendaraan anda dan kendaraan di depan?', 'Kondisi cuaca', 'Kecepatan kendaraan dan jarak berhenti apabila direm', 'Asap tebal dari knalpot kendaraan di depan', 'Kondisi kesehatan pengemudi', '2', null);
INSERT INTO `tbl_soal` VALUES ('166', '5', 'Ruas jalan satu arah yang berlajur dua seperti pada gambar di bawah ini  maka lajur yang kanan dimaksudkan', 'Untuk kendaraan besar seperti truk dan bus', 'Hanya untuk kendaraan bermotor saja', 'Untuk kendaraan yang berjalan lebih lambat', 'Untuk mendahului kendaran lain', '4', null);
INSERT INTO `tbl_soal` VALUES ('167', '5', 'Apakah arti rambu larangan ini?', 'Jalan satu arah', 'Dilarang belok ke kanan', 'Memberi prioritas kendaraan dari arah berlawanan', 'Dilarang berbalik arah', '4', null);
INSERT INTO `tbl_soal` VALUES ('168', '5', 'Sesuai dengan ketentuan lampu penunjuk arah  sein  pada kendaraan bermotor berwarna?', 'Merah dan Bisa Berkelap Kerlip', 'Kuning Tua dan Bisa Berkelap Kerlip', 'Putih dan Bisa Berkelap Kerlip', 'a, b dan c benar asal cukup terang dan tidak menyilaukan', '2', null);
INSERT INTO `tbl_soal` VALUES ('169', '5', 'Apakah arti rambu larangan seperti gambar di bawah ini?', 'Dilarang parkir', 'Dilarang berhenti', 'Dilarang memutar/berbalik arah', 'Dilarang mendahului kendaraan lain', '2', null);
INSERT INTO `tbl_soal` VALUES ('170', '5', 'Lampu rem pada kendaraan bermotor sesuai ketentuan adalah?', 'Kuning tua dan menyala berkelip - kelip', 'Hijau dan menyala tidak berkelip', 'Merah dan menyala tidak berkelip', 'Merah dan menyala berkelip - kelip', '3', null);
INSERT INTO `tbl_soal` VALUES ('171', '5', 'Penggunaan Hand Phone  HP  tidak diizinkan pada saat mengemudi kendaraan bermotor di jalan  kecual', 'Menerima panggilan menggunakan alat bantu dengar (handsfree) atau pengeras suara handphone (loudspeaker)', 'Menepikan Kendaraan lalu berhenti', 'Pernyataan Keduanya Benar', 'Boleh menggunakan HP asal hati-hati', '2', null);
INSERT INTO `tbl_soal` VALUES ('172', '5', 'Ketika petugas lalu lintas memberikan isyarat jalan dari arah sebelah kiri  kendaraan mana yang dapat berjalan lebih dulu?', 'Kendaraan A dan B', 'Kendaraan C', 'Kendaraan A', 'Kendaraan B', '2', null);
INSERT INTO `tbl_soal` VALUES ('173', '5', 'Yang tidak termasuk Surat Izin Mengemudi untuk kendaraan roda 4 atau lebih adalah', 'SIM C', 'SIM A', 'SIM B1', 'SIM B2', '1', null);
INSERT INTO `tbl_soal` VALUES ('174', '5', 'Manakah pernyataan - pernyataan yang paling tepat tentang penggunaan lajur jalan sebelah kanan ?', 'Kendaraan yang akan mendahului kendaraan lain, atau berbelok ke kanan', 'Kendaraan yang akan berbelok ke kanan atau merubah arah', 'Kendaraan dengan kecepatan lebih tinggi, akan berbelok ke kanan, mengubah arah, atau mendahului kendaraan lain.', 'Kendaraan dengan kecepatan lebih tinggi, akan berbelok kanan', '3', null);
INSERT INTO `tbl_soal` VALUES ('175', '5', 'Kendaraan manakah yang harus menunggu berdasarkan situasi arus lalu lintas seperti pada gambar dibawah ini?', 'Kendaraan 1', 'Kendaraan 2', 'Kendaraan 3', 'Kendaraan 2 dan 3', '2', null);
INSERT INTO `tbl_soal` VALUES ('176', '5', 'Pada persimpangan jalan yang dilengkapi alat pemberi isyarat lalu lintas  pengemudi kendaraan dilarang langsung berbelok kiri   kecuali ditentukan lain oleh rambu lalu lintas', 'Benar, namun tetap memperhatikan situasi lalu lintas dan pengguna jalan yang mendapatkan prioritas utama', 'Benar, namun tidak perlu memperhatikan situasi lalu lintas karena mendapat prioritas yang sama dengan pengguna jalan lain', 'Salah, karena belok kiri boleh langsung berdasarkan Undang - Undang', 'Salah, karena belok kiri langsung tidak berbahaya', '1', null);
INSERT INTO `tbl_soal` VALUES ('177', '5', 'Surat Izin Mengemudi dengan syarat umur paling rendah 20 tahun adalah', 'SIM A', 'SIM B1', 'SIM B2', 'SIM C', '2', null);
INSERT INTO `tbl_soal` VALUES ('178', '5', 'Pada saat mengendarai kendaraan di jalan bebas hambatan jalan tol  pengemudi dilarang melakukan hal-hal kecuali?', 'Menggunakan bahu jalan untuk mendahului kendaraan lain', 'Berhenti di bahu jalan pada saat keadaan darurat', 'Mengemudi dengan kecepatan melebihi ketentuan batas kecepatan', 'Berbalik arah', '2', null);
INSERT INTO `tbl_soal` VALUES ('179', '5', 'Pengemudi kendaraan bermotor diharuskan memiliki kemampuan konsentrasi  Kemampuan tersebut dapat terlihat pada', 'Kemampuan memusatkan perhatian atau memfokuskan diri sebelum mengemudikan kendaraan bermotor di jalan', 'Kemampuan memusatkan perhatian atau memfokuskan diri setelah mengemudikan kendaraan bermotor di jalan', 'Kemampuan memusatkan perhatian atau memfokuskan diri pada saat mengemudikan kendaraan bermotor di jalan', 'Kemampuan memusatkan perhatian atau memfokuskan diri sebelum, pada saat dan setelah mengemudikan kendaraan bermotor di jalanKemampuan memusatkan perhatian atau memfokuskan diri sebelum, pada saat dan setelah mengemudikan kendaraan bermotor di jalan', '4', null);
INSERT INTO `tbl_soal` VALUES ('180', '5', 'Surat Izin Mengemudi  SIM  tidak berlaku  kecuali ', 'Habis masa berlakunya', 'Dalam keadaan rusak dan tidak terbaca lagi', 'Tidak dilaminating', 'SIM dicabut berdasarkan putusan pengadilan', '3', null);
INSERT INTO `tbl_soal` VALUES ('181', '5', 'Penggunaan jalan umum untuk belajar mengemudi dilakukan dengan ketentuan', 'Tidak diperbolehkan karena jalan umum khusus untuk pengendara yang telah memiliki keterampilan mengemudi.', 'Boleh berjalan di jalan umum asal memasang tanda belajar dan diawasi oleh seorang yang membawa SIM yang sah atas namanya dan berlaku untuk kendaraan bersangkutan.', 'Boleh di jalan umum asal dilakukan pada malam hari dan jalanan sepi', 'Boleh di jalan umum asal satu arah', '2', null);

-- ----------------------------
-- Table structure for text
-- ----------------------------
DROP TABLE IF EXISTS `text`;
CREATE TABLE `text` (
  `id_text` int(10) NOT NULL,
  `deskripsi` mediumtext,
  `keterangan` varchar(100) DEFAULT NULL,
  `url` varchar(100) DEFAULT NULL
) ENGINE=MyISAM DEFAULT CHARSET=latin1;

-- ----------------------------
-- Records of text
-- ----------------------------
INSERT INTO `text` VALUES ('1', '<div>Visi dan Misi BKPSDM merupakan turunan (derivasi) dari Visi dan Misi Pemerintah Kota Tangerang. Visi dari BKPSDM yaitu :</div><div> Terwujudnya aparatur daerah yang Profesional dan Berakhlakul Karimah </div><div><br></div><div>Visi BKPP mengandung makna sebagai berikut: </div><div>BKPSDM harus mampu membentuk aparatur Pemerintah Kota Tangerang yang profesional sebagai stakeholder (pemangku kepentingan) dan pelaku pemerintahan (government) yang bertindak secara profesional dalam melayani publik serta mampu sebagai motor penggerak pembangunan (Agent of Development) yang dilandasi nilai etika dan moral berakhlakul karimah. Berikut ini keterkaitan antara Visi Pemerintah Kota Tangerang dengan Visi BKPSDM</div><div><br></div><div>Keterkaitan Visi RPJMD dengan Visi Renstra SKPD</div><div><br></div><div>VISI KOTA TANGERANG</div><div> Terwujudnya Kota Tangerang Yang Maju, Mandiri, Dinamis, Dan Sejahtera, Dengan Masyarakat Yang Berakhlakul Karimah </div><div><br></div><div>VISI BKPSDM KOTA TANGERANG</div><div> Terwujudnya Aparatur Daerah Yang Profesional Dan Berakhlakul Karimah </div><div><br></div><div>Berdasarkan Visi BKPSDM maka dapat diturunkan ke dalam 3 (tiga) Misi BKPSDM yang dirumuskan adalah sebagai berikut :</div><div>-<span style=\"white-space:pre\">	</span>Meningkatkan Kompetensi Aparatur.</div><div>-<span style=\"white-space:pre\">	</span>Meningkatkan Sinergitas Manajemen Kepegawaian Yang Komprehensif.</div><div>-<span style=\"white-space:pre\">	</span>Meningkatkan Disiplin Aparatur.</div><div><br></div><div>Untuk dapat melaksanakan misi tersebut maka dapat dirumuskan tujuan BKPSDM sebagai berikut :</div><div>-<span style=\"white-space:pre\">	</span>Mengembangkan Kapasitas dan Kinerja Aparatur</div><div>-<span style=\"white-space:pre\">	</span>Mengembangkan Manajemen Kepegawaian Berbasis Database Sistem Informasi Kepegawaian Daerah;</div><div>-<span style=\"white-space:pre\">	</span>Mengembangkan Integritas dan Mindset Aparatur yang Berakhlakul Karimah.</div><div><br></div><div>Berikut ini keterkaitan antara tujuan Pemerintah Kota Tangerang dalam RPJMD dengan tujuan Renstra BKPP :</div><div><br></div><div>TUJUAN MISI KOTA TANGERANG</div><div>Memantapkan dan mengembangkan sistem perencanaan pembangunan dan penyelenggaraan pemerintahan daerah, serta tata kelola pemerintahan yang baik, benar, bersih, transparan, inovatif, dan akuntabel (good governance)</div><div><br></div><div>TUJUAN MISI BKPSDM KOTA TANGERANG</div><div>-<span style=\"white-space:pre\">	</span>Mengembangkan Kapasitas dan Kinerja Aparatur</div><div>-<span style=\"white-space:pre\">	</span>Mengembangkan Manajemen Kepegawaian Berbasis Database Sistem Informasi Kepegawaian Daerah;</div><div>-<span style=\"white-space:pre\">	</span>Mengembangkan Integritas dan Mindset Aparatur yang Berakhlakul Karimah.</div><div><br></div>', 'Beranda', 'beranda.html');
INSERT INTO `text` VALUES ('2', '<p style=\"line-height: 1;\" helvetica=\"\" neue\",=\"\" helvetica,=\"\" arial,=\"\" sans-serif;=\"\" font-size:=\"\" 14px;\"=\"\"><span style=\"color: rgb(51, 51, 51);\">Susunan Organisasi Badan adalah :</span></p><p style=\"line-height: 1;\" helvetica=\"\" neue\",=\"\" helvetica,=\"\" arial,=\"\" sans-serif;=\"\" font-size:=\"\" 14px;\"=\"\"><span style=\"color: rgb(51, 51, 51);\">a). Kepala Badan;</span></p><p style=\"line-height: 1;\" helvetica=\"\" neue\",=\"\" helvetica,=\"\" arial,=\"\" sans-serif;=\"\" font-size:=\"\" 14px;\"=\"\"><span style=\"color: rgb(51, 51, 51);\">b). Sekretariat, membawahkan :</span></p><p style=\"line-height: 1;\" helvetica=\"\" neue\",=\"\" helvetica,=\"\" arial,=\"\" sans-serif;=\"\" font-size:=\"\" 14px;\"=\"\"><span style=\"color: rgb(51, 51, 51);\">1.<span style=\"white-space:pre\">	</span>Sub Bagian Umum dan Kepegawaian.</span></p><p style=\"line-height: 1;\" helvetica=\"\" neue\",=\"\" helvetica,=\"\" arial,=\"\" sans-serif;=\"\" font-size:=\"\" 14px;\"=\"\"><span style=\"color: rgb(51, 51, 51);\">2.<span style=\"white-space:pre\">	</span>Sub Bagian Keuangan;</span></p><p style=\"line-height: 1;\" helvetica=\"\" neue\",=\"\" helvetica,=\"\" arial,=\"\" sans-serif;=\"\" font-size:=\"\" 14px;\"=\"\"><span style=\"color: rgb(51, 51, 51);\">3.<span style=\"white-space:pre\">	</span>Sub Bagian Perencanaan;</span></p><p style=\"line-height: 1;\" helvetica=\"\" neue\",=\"\" helvetica,=\"\" arial,=\"\" sans-serif;=\"\" font-size:=\"\" 14px;\"=\"\"><span style=\"color: rgb(51, 51, 51);\">c). Bidang Pengembangan Aparatur, membawahkan;</span></p><p style=\"line-height: 1;\" helvetica=\"\" neue\",=\"\" helvetica,=\"\" arial,=\"\" sans-serif;=\"\" font-size:=\"\" 14px;\"=\"\"><span style=\"color: rgb(51, 51, 51);\">1.<span style=\"white-space:pre\">	</span>Sub Bidang Formasi dan Pengadaan;</span></p><p style=\"line-height: 1;\" helvetica=\"\" neue\",=\"\" helvetica,=\"\" arial,=\"\" sans-serif;=\"\" font-size:=\"\" 14px;\"=\"\"><span style=\"color: rgb(51, 51, 51);\">2.<span style=\"white-space:pre\">	</span>Sub Bidang Data dan&nbsp; Informasi Aparatur;</span></p><p style=\"line-height: 1;\" helvetica=\"\" neue\",=\"\" helvetica,=\"\" arial,=\"\" sans-serif;=\"\" font-size:=\"\" 14px;\"=\"\"><span style=\"color: rgb(51, 51, 51);\">3.<span style=\"white-space:pre\">	</span>Sub Bidang Analisa Pengembangan dan Penempatan;</span></p><p style=\"line-height: 1;\" helvetica=\"\" neue\",=\"\" helvetica,=\"\" arial,=\"\" sans-serif;=\"\" font-size:=\"\" 14px;\"=\"\"><span style=\"color: rgb(51, 51, 51);\">d). Bidang Mutasi Aparatur, membawahkan;</span></p><p style=\"line-height: 1;\" helvetica=\"\" neue\",=\"\" helvetica,=\"\" arial,=\"\" sans-serif;=\"\" font-size:=\"\" 14px;\"=\"\"><span style=\"color: rgb(51, 51, 51);\">1.<span style=\"white-space:pre\">	</span>Sub Bidang Pemindahan dan Kepangkatan;</span></p><p style=\"line-height: 1;\" helvetica=\"\" neue\",=\"\" helvetica,=\"\" arial,=\"\" sans-serif;=\"\" font-size:=\"\" 14px;\"=\"\"><span style=\"color: rgb(51, 51, 51);\">2.<span style=\"white-space:pre\">	</span>Sub Bidang Pengangkatan dan Pemberhentian;</span></p><p style=\"line-height: 1;\" helvetica=\"\" neue\",=\"\" helvetica,=\"\" arial,=\"\" sans-serif;=\"\" font-size:=\"\" 14px;\"=\"\"><span style=\"color: rgb(51, 51, 51);\">3.<span style=\"white-space:pre\">	</span>Sub Bidang Pendayagunaan Jabatan Fungsional Tertentu;</span></p><p style=\"line-height: 1;\" helvetica=\"\" neue\",=\"\" helvetica,=\"\" arial,=\"\" sans-serif;=\"\" font-size:=\"\" 14px;\"=\"\"><span style=\"color: rgb(51, 51, 51);\">e). Bidang Pembinaan Aparatur, membawahkan;</span></p><p style=\"line-height: 1;\" helvetica=\"\" neue\",=\"\" helvetica,=\"\" arial,=\"\" sans-serif;=\"\" font-size:=\"\" 14px;\"=\"\"><span style=\"color: rgb(51, 51, 51);\">1.<span style=\"white-space:pre\">	</span>Sub Bidang Disiplin Aparatur;</span></p><p style=\"line-height: 1;\" helvetica=\"\" neue\",=\"\" helvetica,=\"\" arial,=\"\" sans-serif;=\"\" font-size:=\"\" 14px;\"=\"\"><span style=\"color: rgb(51, 51, 51);\">2.<span style=\"white-space:pre\">	</span>Sub Bidang Kesejahteraan Aparatur;</span></p><p style=\"line-height: 1;\" helvetica=\"\" neue\",=\"\" helvetica,=\"\" arial,=\"\" sans-serif;=\"\" font-size:=\"\" 14px;\"=\"\"><span style=\"color: rgb(51, 51, 51);\">3.<span style=\"white-space:pre\">	</span>Sub Bidang Kinerja Aparatur</span></p><p style=\"line-height: 1;\" helvetica=\"\" neue\",=\"\" helvetica,=\"\" arial,=\"\" sans-serif;=\"\" font-size:=\"\" 14px;\"=\"\"><span style=\"color: rgb(51, 51, 51);\">f). Bidang Pendidikan dan Pelatihan, membawahkan;</span></p><p style=\"line-height: 1;\" helvetica=\"\" neue\",=\"\" helvetica,=\"\" arial,=\"\" sans-serif;=\"\" font-size:=\"\" 14px;\"=\"\"><span style=\"color: rgb(51, 51, 51);\">1.<span style=\"white-space:pre\">	</span>Sub Bidang Pengembangan Diklat;</span></p><p style=\"line-height: 1;\" helvetica=\"\" neue\",=\"\" helvetica,=\"\" arial,=\"\" sans-serif;=\"\" font-size:=\"\" 14px;\"=\"\"><span style=\"color: rgb(51, 51, 51);\">2.<span style=\"white-space:pre\">	</span>Sub Bidang&nbsp; Penyelenggaraan Diklat;</span></p><p style=\"line-height: 1;\" helvetica=\"\" neue\",=\"\" helvetica,=\"\" arial,=\"\" sans-serif;=\"\" font-size:=\"\" 14px;\"=\"\"><span style=\"color: rgb(51, 51, 51);\">3.<span style=\"white-space:pre\">	</span>Sub Bidang Evaluasi dan Kerjasama Kediklatan</span></p><p style=\"line-height: 1;\" helvetica=\"\" neue\",=\"\" helvetica,=\"\" arial,=\"\" sans-serif;=\"\" font-size:=\"\" 14px;\"=\"\"><span style=\"color: rgb(51, 51, 51);\">g). UPT Penilaian Kompetensi;</span></p><p style=\"line-height: 1;\" helvetica=\"\" neue\",=\"\" helvetica,=\"\" arial,=\"\" sans-serif;=\"\" font-size:=\"\" 14px;\"=\"\"><span style=\"color: rgb(51, 51, 51);\">h). Jabatan Fungsional Tertentu, terdiri dari :</span></p><p style=\"line-height: 1;\" helvetica=\"\" neue\",=\"\" helvetica,=\"\" arial,=\"\" sans-serif;=\"\" font-size:=\"\" 14px;\"=\"\"><span style=\"color: rgb(51, 51, 51);\">1.<span style=\"white-space:pre\">	</span>Widyaiswara;</span></p><p style=\"line-height: 1;\" helvetica=\"\" neue\",=\"\" helvetica,=\"\" arial,=\"\" sans-serif;=\"\" font-size:=\"\" 14px;\"=\"\"><span style=\"color: rgb(51, 51, 51);\">2.<span style=\"white-space:pre\">	</span>Assessor Aparatur;</span></p><p style=\"line-height: 1;\" helvetica=\"\" neue\",=\"\" helvetica,=\"\" arial,=\"\" sans-serif;=\"\" font-size:=\"\" 14px;\"=\"\"><span style=\"color: rgb(51, 51, 51);\">3.<span style=\"white-space:pre\">	</span>Analis Kepegawaian;</span></p><p style=\"line-height: 1;\" helvetica=\"\" neue\",=\"\" helvetica,=\"\" arial,=\"\" sans-serif;=\"\" font-size:=\"\" 14px;\"=\"\"><span style=\"color: rgb(51, 51, 51);\">4.<span style=\"white-space:pre\">	</span>Pranata Komputer;</span></p><div><br></div>', 'Profile', 'profile.html');

-- ----------------------------
-- Table structure for username
-- ----------------------------
DROP TABLE IF EXISTS `username`;
CREATE TABLE `username` (
  `id_user` int(10) NOT NULL AUTO_INCREMENT,
  `tgl_register` date DEFAULT NULL,
  `nama` varchar(100) DEFAULT NULL,
  `asal_sekolah` varchar(100) DEFAULT NULL,
  `username` varchar(100) DEFAULT NULL,
  `password` varchar(100) DEFAULT NULL,
  `level` varchar(100) DEFAULT NULL,
  PRIMARY KEY (`id_user`)
) ENGINE=MyISAM AUTO_INCREMENT=22 DEFAULT CHARSET=latin1;

-- ----------------------------
-- Records of username
-- ----------------------------
INSERT INTO `username` VALUES ('5', '2017-01-26', 'Administrator', null, 'admin_11', '827ccb0eea8a706c4c34a16891f84e7b', '1');
INSERT INTO `username` VALUES ('18', '2018-01-31', 'Sugih Mukti', 'SDN 2 TANGERANG', 'sugihmukti', '827ccb0eea8a706c4c34a16891f84e7b', '2');
INSERT INTO `username` VALUES ('19', '2018-02-02', 'Maulana Nur', 'SDN 2 TANGERANG', 'maulana', '827ccb0eea8a706c4c34a16891f84e7b', '2');
INSERT INTO `username` VALUES ('20', '2018-11-06', 'Nobel', 'SDN 2 TANGERANG', 'nobel', '827ccb0eea8a706c4c34a16891f84e7b', '2');

-- ----------------------------
-- View structure for v_blog
-- ----------------------------
DROP VIEW IF EXISTS `v_blog`;
CREATE   VIEW `v_blog` AS select `blog`.`id_blog` AS `id_blog`,`blog`.`tanggal` AS `tanggal`,`blog`.`judul` AS `judul`,`blog`.`headline` AS `headline`,`blog`.`isi` AS `isi`,`blog`.`waktu` AS `waktu`,`blog`.`status` AS `status`,`blog`.`url` AS `url`,`v_kelas`.`nama_jenjang` AS `nama_jenjang`,`v_kelas`.`nama_kelas` AS `nama_kelas`,`v_kelas`.`id_kelas` AS `id_kelas`,`kategori`.`id_kategori` AS `id_kategori`,`kategori`.`nama_kategori` AS `nama_kategori`,`mapel`.`nama_mapel` AS `nama_mapel`,`mapel`.`id_mapel` AS `id_mapel`,`username`.`nama` AS `nama`,`username`.`id_user` AS `id_user`,`blog`.`link_youtube` AS `link_youtube`,`blog`.`gambar` AS `gambar` from ((((`blog` left join `v_kelas` on((`blog`.`id_kelas` = `v_kelas`.`id_kelas`))) left join `kategori` on((`blog`.`id_kategori` = `kategori`.`id_kategori`))) left join `mapel` on((`blog`.`id_mapel` = `mapel`.`id_mapel`))) left join `username` on((`blog`.`id_aktor` = `username`.`id_user`))) ; ;

-- ----------------------------
-- View structure for v_kelas
-- ----------------------------
DROP VIEW IF EXISTS `v_kelas`;
CREATE   VIEW `v_kelas` AS select `kelas`.`id_kelas` AS `id_kelas`,`kelas`.`nama_kelas` AS `nama_kelas`,`jenjang`.`nama_jenjang` AS `nama_jenjang`,`jenjang`.`id_jenjang` AS `id_jenjang` from (`kelas` join `jenjang` on((`kelas`.`id_jenjang` = `jenjang`.`id_jenjang`))) ; ;

-- ----------------------------
-- View structure for v_service
-- ----------------------------
DROP VIEW IF EXISTS `v_service`;
CREATE   VIEW `v_service` AS select `service`.`id_service` AS `id_service`,`service`.`gambar` AS `gambar`,`service`.`nama` AS `nama`,`service`.`headline` AS `headline`,`service`.`keterangan` AS `keterangan`,`service`.`id_kategori` AS `id_kategori`,`kategori`.`nama_kategori` AS `nama_kategori` from (`service` join `kategori` on((`kategori`.`id_kategori` = `service`.`id_kategori`))) ; ;

-- ----------------------------
-- View structure for v_soal
-- ----------------------------
DROP VIEW IF EXISTS `v_soal`;
CREATE   VIEW `v_soal` AS select `v_kelas`.`nama_kelas` AS `nama_kelas`,`v_kelas`.`nama_jenjang` AS `nama_jenjang`,`tbl_soal`.`id` AS `id`,`tbl_soal`.`soal` AS `soal`,`tbl_soal`.`a` AS `a`,`tbl_soal`.`b` AS `b`,`tbl_soal`.`c` AS `c`,`tbl_soal`.`d` AS `d`,`tbl_soal`.`jawaban` AS `jawaban`,`tbl_soal`.`gambar` AS `gambar` from (`tbl_soal` join `v_kelas` on((`tbl_soal`.`id_kelas` = `v_kelas`.`id_kelas`))) ; ;
